author,title,review,original_title,original_review,stars,iso,version,date,deleted,has_response,product,product_id,product_name,vendor_id,store,weight,id,predicted_langs
RichardGWood,Unable to upgrade via Lite,"I used the 14 day trial to test this out, and was pretty impressed. It allows you to work seemlessly between mac and windows applications. I was impressed enough to upgrade to the annual subscription. This has not worked for me, and it appears that the only option is to purchase the full desktop package from the website, outside the app store. This is a more expensive product than quoted in the app, and means I need to manage the subscription separately. 
Not very impressed, and still deciding whether I want the hassle. 
Iâ€™m very supprised that I can not follow the upgrade model offered in the app, but from speaking to your online support there seems to be no way to resolve this issue.",Unable to upgrade via Lite,"I used the 14 day trial to test this out, and was pretty impressed. It allows you to work seemlessly between mac and windows applications. I was impressed enough to upgrade to the annual subscription. This has not worked for me, and it appears that the only option is to purchase the full desktop package from the website, outside the app store. This is a more expensive product than quoted in the app, and means I need to manage the subscription separately. 
Not very impressed, and still deciding whether I want the hassle. 
Iâ€™m very supprised that I can not follow the upgrade model offered in the app, but from speaking to your online support there seems to be no way to resolve this issue.",2.00,GB,1.3.3,2018-08-13T22:03:21,False,False,231803575432,231803575432,"Parallels Desktop",1085114709,apple,0,231803575432LtaHTKv-Zczxw8VMywgc1qw,en
Ikaro Brum,Coherence function,"Here I really liked it, I even bought the license, but I saw that the coherence function is not working, that would be extremely important for me.",FunÃ§Ã£o CoerÃªncia,"Aqui gostei muito, atÃ© comprei a licenÃ§a, mas vi que nÃ£o esta cuncionando a funÃ§Ã£o coerÃªncia, isso seria de extrema importancia pra mim.",3.00,BR,1.3.3,2018-08-08T23:47:21,False,False,231803575432,231803575432,"Parallels Desktop",1085114709,apple,0,231803575432LVTjhFXGySiks4V0zPg_lgA,pt
Maryrovi,activation failed,"after the 14-day trial I purchased the subscription for one year, the transaction took place but the application was not activated",attivazione non avvenuta,"dopo i 14 giorni di prova ho acquistato lâ€™abbonamento per un anno, la transazione Ã¨ avvenuta ma non mi Ã¨ stata attivata l'applicazione",1.00,IT,1.3.3,2018-08-04T09:14:29,False,False,231803575432,231803575432,"Parallels Desktop",1085114709,apple,0,231803575432Lv_zzFi9lJSN2wvcM6krKbQ,it
Lusi767900,activation key,signed up for a year? paid! I go into the program writes to activate Windows? But the activation key was not sent!,ĞºĞ»ÑÑ‡ Ğ°ĞºÑ‚Ğ¸Ğ²Ğ°Ñ†Ğ¸Ğ¸,Ğ¿Ğ¾Ğ´Ğ¿Ğ¸ÑĞ°Ğ»Ğ°ÑÑŒ Ğ½Ğ° Ğ³Ğ¾Ğ´? Ğ¾Ğ¿Ğ»Ğ°Ñ‚Ğ¸Ğ»Ğ°! Ğ·Ğ°Ñ…Ğ¾Ğ¶Ñƒ  Ğ² Ğ¿Ñ€Ğ¾Ğ³Ñ€Ğ°Ğ¼Ğ¼Ñƒ Ğ¿Ğ¸ÑˆĞ¸Ñ‚ Ğ°ĞºÑ‚Ğ¸Ğ²Ğ¸Ñ€Ğ¾Ğ²Ğ°Ñ‚ÑŒ Ğ²Ğ¸Ğ½Ğ´Ğ¾ÑƒÑ? Ğ° ĞºĞ»ÑÑ‡ Ğ°ĞºÑ‚Ğ¸Ğ²Ğ°Ñ†Ğ¸Ğ¸ Ñ‚Ğ°Ğº Ğ¸ Ğ½Ğµ Ğ¿Ñ€Ğ¸ÑĞ»Ğ°Ğ»Ğ¸!,3.00,RU,1.3.3,2018-08-03T20:10:12,False,False,231803575432,231803575432,"Parallels Desktop",1085114709,apple,0,231803575432LsB9WeKWWounGIAymTUGRFQ,"ru;uk;sr;bg;mk"
íŒŒê¹€ì¹˜123,Can I pay immediately after the free period?,"I tried it for 14 days and tried to delete it, but I deleted it, but I can't pay?",ë¬´ë£Œê¸°ê°„ì´ ì§€ë‚˜ë©´ ë°”ë¡œ ê²°ì œê°€ ë˜ë‚˜ìš”?,14ì¼ ë™ì•ˆ ì²´í—˜í•´ë³´ê³  ì‚­ì œí•˜ë ¤í–ˆëŠ”ë° ì‚­ì œëŠ” í–ˆëŠ”ë° ê²°ì œëŠ” ì•ˆë˜ëŠ”ê±°ì£ ?,5.00,KR,1.3.3,2018-08-01T12:57:01,False,False,231803575432,231803575432,"Parallels Desktop",1085114709,apple,0,231803575432Lwyq06S6hzqS7uy6DF3zJOw,ko
TinBridgeNikki,WHICH subscription plan???,"The two subscription plans offered are:
â€¢ FREE, which specifies Linux only, and
â€¢ TRIAL, which specifies 14 days of free use for virtualizing Windows, followed by a paid subscription.
The problem is, I donâ€™t want to do either of those things. I want to virtualize Snow Leopard Server on a separate partition on my Mac (currently running El Capitan). Obviously, Parallels Desktop Lite can do this, because Snow Leopard Server is one of the operating systems listed. However, neither subscription option even mentions Mac OS virtualization. The userâ€™s guide, knowledge base, and forums failed to be remotely helpful. Soâ€¦
Can this application do what I need done? If so, which subscription plan is the correct one? If not, why is Snow Leopard Server listed? Honestly, the documentation leaves a lot to be desired as it only talks about virtualizing Windows. A little help?
EDIT: Thank you to the developer for answering my question! Iâ€™ll give it a try, then edit my review.",WHICH subscription plan???,"The two subscription plans offered are:
â€¢ FREE, which specifies Linux only, and
â€¢ TRIAL, which specifies 14 days of free use for virtualizing Windows, followed by a paid subscription.
The problem is, I donâ€™t want to do either of those things. I want to virtualize Snow Leopard Server on a separate partition on my Mac (currently running El Capitan). Obviously, Parallels Desktop Lite can do this, because Snow Leopard Server is one of the operating systems listed. However, neither subscription option even mentions Mac OS virtualization. The userâ€™s guide, knowledge base, and forums failed to be remotely helpful. Soâ€¦
Can this application do what I need done? If so, which subscription plan is the correct one? If not, why is Snow Leopard Server listed? Honestly, the documentation leaves a lot to be desired as it only talks about virtualizing Windows. A little help?
EDIT: Thank you to the developer for answering my question! Iâ€™ll give it a try, then edit my review.",2.00,US,1.3.3,2018-07-31T18:56:48,False,False,231803575432,231803575432,"Parallels Desktop",1085114709,apple,0,231803575432LpynxUKlkXXga-7zmSyTVCw,en
2r1c,Low virtual memory,"Very good! The system was perfect. But I would like to know how do I increase the virtual memory (in the installation only 2gb is configured) to improve the performance of two programs that require a lot of RAM to be able to work without crashes. I mean Autodesk Inventor Pro and Revit. At first I noticed that this is with a lot of 'delay', making it impossible to perform the tasks. My equipment is an iMac 27 â€(2017), 3.5ghz, Fusion Drive of 1Tb and RAM of 8gb. I intend to do a memory upgrade (16gb), but I would still have to configure more virtual memory to avoid these crashes that do not occur on my Dell Vostro with 16gb RAM.",Pouca memÃ³ria virtual,"Muito bom! O sistema ficou perfeito. Mas gostaria de saber como faÃ§o para aumentar a memÃ³ria virtual (na instalaÃ§Ã£o Ã© configurado apenas 2gb) para melhorar a performance de dois programas que exigem muita memÃ³ria RAM para poderem trabalhar sem travamentos. Me refiro ao Autodesk Inventor Pro e o Revit. No primeiro notei que este estÃ¡ com muito â€˜delayâ€™, impossibilitando a execuÃ§Ã£o das tarefas. Meu equipamento Ã© um iMac 27â€(2017), 3.5ghz, Fusion Drive de 1Tb e RAM de 8gb. Pretendo fazer um â€˜upgradeâ€™ de memÃ³ria (16gb), mas ainda assim teria de configurar mais memÃ³ria virtual para evitar estes travamentos que nÃ£o ocorrem em meu Dell Vostro com RAM de 16gb.",3.00,BR,1.3.3,2018-07-24T16:37:30,False,False,231803575432,231803575432,"Parallels Desktop",1085114709,apple,0,231803575432LTuRHA62URScTmJjjIhKl0Q,"pt;gl"
DamionB,Needs Full version with app store licensing,"Parallels is an amazing program. Itâ€™s unreal how easily it manages to allow you to run Windows programs on your mac. 
The problem that I have is with the licensing. 
Parallels Desktop Lite is missing quite a few features from the full version of Parallels, which is available outside the mac app store for a one-time purchase price of $79. However, that only gives you one license, so you can only use it on one computer. The nice feature of Parallels lite is that you can run it on all of your computersâ€¦ but then you lose the features of the full version. 
They need to just make the full version available from the app store. Frankly, I donâ€™t understand why they even created a â€œliteâ€ version. The subscription is $69 a year, and I doubt most people are upgrading their full version of parallels every yearâ€¦",Needs Full version with app store licensing,"Parallels is an amazing program. Itâ€™s unreal how easily it manages to allow you to run Windows programs on your mac. 
The problem that I have is with the licensing. 
Parallels Desktop Lite is missing quite a few features from the full version of Parallels, which is available outside the mac app store for a one-time purchase price of $79. However, that only gives you one license, so you can only use it on one computer. The nice feature of Parallels lite is that you can run it on all of your computersâ€¦ but then you lose the features of the full version. 
They need to just make the full version available from the app store. Frankly, I donâ€™t understand why they even created a â€œliteâ€ version. The subscription is $69 a year, and I doubt most people are upgrading their full version of parallels every yearâ€¦",3.00,US,1.3.3,2018-07-21T16:21:29,False,False,231803575432,231803575432,"Parallels Desktop",1085114709,apple,0,231803575432LKx7KmxnYgBGYXwftoufDQQ,en
ëƒ‰ì² í•œê²Œì´ ë¨¸,It's a 14-day free trial.,"It is currently free for 14 days. By the way, is payment automatically made after 14 days? if not
Is it possible to use the extension by paying directly?",14ì¼ ë¬´ë£Œì²´í—˜ì¤‘ì…ë‹ˆë‹¤.,"í˜„ì¬ 14ì¼ ë¬´ë£Œì²´í—˜ ì¤‘ì…ë‹ˆë‹¤. ê·¸ëŸ°ë° 14ì¼ì´ ì§€ë‚˜ë©´ ìë™ìœ¼ë¡œ ê²°ì œê°€ ë˜ëŠ”ê±´ê°€ìš”? ì•„ë‹ˆë©´
ì§ì ‘ ê²°ì œë¥¼ í•´ì•¼ ì—°ì¥í•´ì„œ ì‚¬ìš© ê°€ëŠ¥í•œê±´ê°€ìš”?",5.00,KR,1.3.3,2018-07-16T09:59:05,False,False,231803575432,231803575432,"Parallels Desktop",1085114709,apple,0,231803575432Lp-K_O2q87QyZnrrVM96rVg,ko
Ğ—Ğ°Ğ´Ğ¾Ğ»Ğ±Ğ°Ğ»ÑÑĞ˜ÑĞºĞ°Ñ‚ÑŒĞŸÑĞµĞ²Ğ´Ğ¾Ğ½Ğ¸Ğ¼,Linux ONLY,In the description of the lie in the free version only Linux.,Ğ±Ğ¾ÑĞ¿Ğ»Ğ°Ñ‚Ğ½Ğ¾ Ğ¢ĞĞ›Ğ¬ĞšĞ Ğ›Ğ¸Ğ½ÑƒĞºÑ,Ğ’ Ğ¾Ğ¿Ğ¸ÑĞ°Ğ½Ğ¸Ğ¸ Ğ»Ğ¾Ğ¶ÑŒ Ğ² Ğ±ĞµÑĞ¿Ğ»Ğ°Ñ‚Ğ½Ğ¾Ğ¹ Ğ²ĞµÑ€ÑĞ¸Ğ¸ Ñ‚Ğ¾Ğ»ÑŒĞºĞ¾ Ğ»Ğ¸Ğ½ÑƒĞºÑ.,1.00,RU,1.3.0,2018-07-10T18:48:55,False,False,231803575432,231803575432,"Parallels Desktop",1085114709,apple,0,231803575432LaXIQrJ0pSMDM5gteoBEIVA,"ru;bg;uk"
Bron to be blue,We request a refund.,"Wrong purchase, please request a refund",í™˜ë¶ˆìš”ì²­ë“œë¦½ë‹ˆë‹¤.,"ì˜ëª» êµ¬ë§¤í•˜ì˜€ìŠµë‚˜ë‹¤,,, í™˜ë¶ˆìš”ì²­í•´ì£¼ì„¸ìš”",5.00,KR,1.3.0,2018-07-10T16:13:49,False,False,231803575432,231803575432,"Parallels Desktop",1085114709,apple,0,231803575432LMJqq1mHD-sNPTX6-rp5MJQ,ko
ã”ã£ã¤ã„ã‚«ãƒ—ã‚³ãƒ³,Windows 10,"This is what I was looking for. boot Camp requires a reboot and VMware is heavy. Lightweight with no reboot required, this Parallels Desktop is awesome. After that, I think Windows XP and vista should be free! !!",Windows 10,åƒ•ãŒæ±‚ã‚ã¦ã„ãŸã®ã¯ã“ã‚Œã§ã™ã€‚boot Campã¯å†èµ·å‹•ãŒå¿…è¦ã ã—ã€VMwareã¯é‡ã„ã€‚å†èµ·å‹•ã‚‚å¿…è¦ãªãã¦è»½ã„ã“ã®Parallels Desktopã¯æœ€é«˜ã§ã™ã€‚å¾Œã€windows xpã¨ã‹vistaãªã©ã¯ç„¡æ–™ã«ãªã£ãŸæ–¹ãŒã„ã„ã¨æ€ã„ã¾ã™ï¼ï¼,4.00,JP,1.3.0,2018-07-05T02:13:22,False,False,231803575432,231803575432,"Parallels Desktop",1085114709,apple,0,231803575432LmDOQ8mzY_3CewMZ5N4cUUQ,ja
"Ğ’ÑĞµ Ğ½Ñ€Ğ°Ğ²Ğ¸Ñ‚ÑÑ,ÑĞ¿Ğ°ÑĞ¸Ğ±Ğ¾",bad experience,"I spent two days connecting the Internet in a virtual machine, but alas, ah ... maybe the reason lies in the trial version, but I did not see where the functional limitation was stated (((((I donâ€™t see the point of paying for the full version without making sure itâ€™s working). everything works on the trial version on parallels desktop 13, but I naively thought that it was the same application",Ğ¿ĞµÑ‡Ğ°Ğ»ÑŒĞ½Ñ‹Ğ¹ Ğ¾Ğ¿Ñ‹Ñ‚,"Ğ´Ğ²Ğ¾Ğµ ÑÑƒÑ‚Ğ¾Ğº Ğ¿Ğ¾Ñ‚Ñ€Ğ°Ñ‡ĞµĞ½Ğ¾ Ğ½Ğ° Ğ¿Ğ¾Ğ´ĞºĞ»ÑÑ‡ĞµĞ½Ğ¸Ğµ Ğ¸Ğ½Ñ‚ĞµÑ€Ğ½ĞµÑ€Ğ° Ğ½Ğ° Ğ²Ğ¸Ñ€Ñ‚ÑƒĞ°Ğ»ÑŒĞ½Ğ¾Ğ¹ Ğ¼Ğ°ÑˆĞ¸Ğ½Ğµ, Ğ½Ğ¾ ÑƒĞ²Ñ‹ Ğ¸ Ğ°Ñ…â€¦ Ğ²Ğ¾Ğ·Ğ¼Ğ¾Ğ¶Ğ½Ğ¾, Ğ¿Ñ€Ğ¸Ñ‡Ğ¸Ğ½Ğ° ĞºÑ€Ğ¾ĞµÑ‚ÑÑ Ğ² Ğ¿Ñ€Ğ¾Ğ±Ğ½Ğ¾Ğ¹ Ğ²ĞµÑ€ÑĞ¸Ğ¸, Ğ½Ğ¾ Ñ Ğ½Ğµ ÑƒĞ²Ğ¸Ğ´ĞµĞ»Ğ° Ğ³Ğ´Ğµ Ğ·Ğ°ÑĞ²Ğ»ĞµĞ½Ğ¾ Ğ¾Ğ± Ğ¾Ğ³Ñ€Ğ°Ğ½Ğ¸Ñ‡ĞµĞ½Ğ¸Ğ¸ Ñ„ÑƒĞ½ĞºÑ†Ğ¸Ğ¾Ğ½Ğ°Ğ»Ğ°(((( Ğ½Ñƒ Ğ° ÑĞ¼Ñ‹ÑĞ»Ğ° Ğ¿Ğ»Ğ°Ñ‚Ğ¸Ñ‚ÑŒ Ğ·Ğ° Ğ¿Ğ¾Ğ»Ğ½ÑƒÑ Ğ²ĞµÑ€ÑĞ¸Ñ Ğ½Ğµ ÑƒĞ±ĞµĞ´Ğ¸Ğ²ÑˆĞ¸ÑÑŒ Ğ² Ñ€Ğ°Ğ±Ğ¾Ñ‚Ğ¾ÑĞ¿Ğ¾ÑĞ¾Ğ±Ğ½Ğ¾ÑÑ‚Ğ¸ Ğ½Ğµ Ğ²Ğ¸Ğ¶Ñƒ. Ğ½Ğ° parallels desktop 13 Ñ€Ğ°Ğ±Ğ¾Ñ‚Ğ°ĞµÑ‚ Ğ²ÑĞµ Ğ¸ Ğ½Ğ° Ğ¿Ñ€Ğ¾Ğ±Ğ½Ğ¾Ğ¹ Ğ²ĞµÑ€ÑĞ¸Ğ¸, Ğ° Ñ Ğ¿Ğ¾ Ğ½Ğ°Ğ¸Ğ²Ğ½Ğ¾ÑÑ‚Ğ¸ Ğ´ÑƒĞ¼Ğ°Ğ»Ğ° Ñ‡Ñ‚Ğ¾ ÑÑ‚Ğ¾ Ğ¾Ğ´Ğ½Ğ¾ Ğ¸ Ñ‚Ğ¾ Ğ¶Ğµ Ğ¿Ñ€Ğ¸Ğ»Ğ¾Ğ¶ĞµĞ½Ğ¸Ğµ",3.00,RU,1.3.0,2018-06-27T22:27:50,False,False,231803575432,231803575432,"Parallels Desktop",1085114709,apple,0,231803575432Ljp0FhpXhsR9rqcdK_jbLNQ,ru
Domalvina,Scam!,"I installed this GMBH application and despite a license purchase and an update to the appropriate version, it does not work. I regret that Apple still leaves such applications lying around in its store.",Arnaque!,"Jâ€™ai installÃ© cette application GMBH et malgrÃ© un achat de licence et une mise Ã  jour vers la version idoine, cela ne fonctionne pas. Je regrette quâ€™Apple laisse encore traÃ®ner dans son store de telles applications.",1.00,FR,1.3.0,2018-06-26T11:39:48,False,False,231803575432,231803575432,"Parallels Desktop",1085114709,apple,0,231803575432L1lGbwk4ApPXGb_AwGqgBnQ,fr
What_The_Dave,Overall quite good.,"Overall a pretty decent piece of software, been running my windows development environment on it for quite a while nowâ€¦ however, the super large log files that get created are ridiculousâ€¦ surely there should be a way to limit the size of the log file. Just today I removed a log file of 40GB! That is completely unncecessary.
Then thereâ€™s the issue of restoring your licenseâ€¦ I recently restored my mac to factory defaults, and now I have to be happy with the trial version I have as Iâ€™ve not been able to restore my license for the software. Guys, how hard is it? My purchase history is available on iTunesâ€¦ why can I not restore it? 
Then thereâ€™s the problem of knowing exactly what your buyingâ€¦ I was under the impression Coherence would be included in my purchase, it was not, which was a big selling point for meâ€¦ if I simply wanted something that could just run a virtual machine, Iâ€™d have gotten oracle virtual machine.
Still, even with all these gripes, a solid piece of software. Good work.",Overall quite good.,"Overall a pretty decent piece of software, been running my windows development environment on it for quite a while nowâ€¦ however, the super large log files that get created are ridiculousâ€¦ surely there should be a way to limit the size of the log file. Just today I removed a log file of 40GB! That is completely unncecessary.
Then thereâ€™s the issue of restoring your licenseâ€¦ I recently restored my mac to factory defaults, and now I have to be happy with the trial version I have as Iâ€™ve not been able to restore my license for the software. Guys, how hard is it? My purchase history is available on iTunesâ€¦ why can I not restore it? 
Then thereâ€™s the problem of knowing exactly what your buyingâ€¦ I was under the impression Coherence would be included in my purchase, it was not, which was a big selling point for meâ€¦ if I simply wanted something that could just run a virtual machine, Iâ€™d have gotten oracle virtual machine.
Still, even with all these gripes, a solid piece of software. Good work.",3.00,ZA,1.3.0,2018-06-25T21:28:03,False,False,231803575432,231803575432,"Parallels Desktop",1085114709,apple,0,231803575432LErL-wp0JsfYxtL87cSvQPQ,en
Binandgen,Good!,"Everything works great! However, the 2018 MacBook Pro 15 in the top is very hot! I use it only for working in the MetaTrader 5 terminal.",Ğ¥Ğ¾Ñ€Ğ¾ÑˆĞ¾!,Ğ’ÑÑ‘ Ñ€Ğ°Ğ±Ğ¾Ñ‚Ğ°ĞµÑ‚ Ğ²ĞµĞ»Ğ¸ĞºĞ¾Ğ»ĞµĞ¿Ğ½Ğ¾! ĞĞ´Ğ½Ğ°ĞºĞ¾ MacBook Pro 15 2018 Ğ³Ğ¾Ğ´Ğ° Ğ² Ñ‚Ğ¾Ğ¿Ğµ Ğ¾Ñ‡ĞµĞ½ÑŒ ÑĞ¸Ğ»ÑŒĞ½Ğ¾ Ğ³Ñ€ĞµĞµÑ‚ÑÑ! Ğ¸ÑĞ¿Ğ¾Ğ»ÑŒĞ·ÑƒÑ Ñ‚Ğ¾Ğ»ĞºĞ¾ Ğ´Ğ»Ñ Ñ€Ğ°Ğ±Ğ¾Ñ‚Ñ‹ Ğ² Ñ‚ĞµÑ€Ğ¼Ğ¸Ğ½Ğ°Ğ»Ğµ MetaTrader 5.,4.00,RU,1.3.0,2018-06-25T18:57:15,False,False,231803575432,231803575432,"Parallels Desktop",1085114709,apple,0,231803575432LHAC-zY1TDf6iYfgnQ6w8sw,ru
LiveSkul,Very upset,"I have known Parallels for a long time and after purchasing a Mac I immediately acquired a Parallels Desctop Lite license.
Turned Win10 and mired in terrible lags. For some reason, the system began to devour all the resources of the processor, although nothing was running except the bare OS.
Increased the resources allocated to VM, to no avail.
After a month of torment, I bought a subscription to Parallels Desctop 13 and the system flew. There are no lags, there are no drawdowns in resources, it opens very quickly after sleep.
Remained extremely upset by the Lite version",Ğ¡Ğ¸Ğ»ÑŒĞ½Ğ¾ Ğ¾Ğ³Ğ¾Ñ€Ñ‡ĞµĞ½,"Ğ”Ğ°Ğ²Ğ½Ğ¾ Ğ·Ğ½Ğ°Ñ Ğ¿Ñ€Ğ¾ Parallels Ğ¸ Ğ¿Ğ¾ÑĞ»Ğµ Ğ¿Ğ¾ĞºÑƒĞ¿ĞºĞ¸ Mac ÑÑ€Ğ°Ğ·Ñƒ Ğ¶Ğµ Ğ¿Ñ€Ğ¸Ğ¾Ğ±Ñ€ĞµĞ» Ğ»Ğ¸Ñ†ĞµĞ½Ğ·Ğ¸Ñ Parallels Desctop Lite.
Ğ Ğ°Ğ·ĞµĞ²ĞµÑ€Ğ½ÑƒĞ»  Win10 Â Ğ¸ Ğ¿Ğ¾Ğ³Ñ€ÑĞ· Ñƒ ÑƒĞ¶Ğ°ÑĞ½Ñ‹Ñ… Ğ»Ğ°Ğ³Ğ°Ñ…. Ğ¡Ğ¸ÑÑ‚ĞµĞ¼Ğ° Ğ¿Ğ¾Ñ‡ĞµĞ¼Ñƒ Ñ‚Ğ¾ Ğ½Ğ°Ñ‡Ğ°Ğ»Ğ° ÑĞ¶Ğ¸Ñ€Ğ°Ñ‚ÑŒ Ğ²ÑĞµ Ñ€ĞµÑÑƒÑ€ÑÑ‹ Ğ¿Ñ€Ğ¾Ñ†ĞµÑÑĞ¾Ñ€Ğ° , Ñ…Ğ¾Ñ‚ÑŒ Ğ¸ Ğ½Ğµ Ğ±Ñ‹Ğ»Ğ¾ Ğ·Ğ°Ğ¿ÑƒÑ‰ĞµĞ½Ğ¾ Ğ½Ğ¸Ñ‡ĞµĞ³Ğ¾ ĞºÑ€Ğ¾Ğ¼Ğµ Ğ³Ğ¾Ğ»Ğ¾Ğ¹ ĞĞ¡.
Ğ£Ğ²ĞµĞ»Ğ¸Ñ‡Ğ¸Ğ²Ğ°Ğ» Ñ€ĞµÑÑƒÑ€ÑÑ‹ Ğ²Ñ‹Ğ´ĞµĞ»ÑĞµĞ¼Ñ‹Ğµ Ğ´Ğ»Ñ Ğ’Ğœ, Ğ±ĞµĞ· Ñ‚Ğ¾Ğ»ĞºÑƒ.
ĞŸĞ¾ÑĞ»Ğµ Ğ¼ĞµÑÑÑ†Ğ° Ğ¼ÑƒÑ‡ĞµĞ½Ğ¸Ğ¹ ĞºÑƒĞ¿Ğ¸Ğ» Ğ¿Ğ¾Ğ´Ğ¿Ğ¸ÑĞºÑƒ Ğ½Ğ° Parallels Desctop 13 Ğ¸ ÑĞ¸ÑÑ‚ĞµĞ¼Ğ° Ğ¿Ğ¾Ğ»ĞµÑ‚ĞµĞ»Ğ°. Ğ›Ğ°Ğ³Ğ¾Ğ² Ğ½ĞµÑ‚, Ğ¿Ñ€Ğ¾ÑĞ°Ğ´ĞºĞ¸ Ğ¿Ğ¾ Ñ€ĞµÑÑƒÑ€ÑĞ°Ğ¼ Ğ½ĞµÑ‚, Ğ¾Ñ‚ĞºÑ€Ñ‹Ğ²Ğ°ĞµÑ‚ÑÑ Ğ¿Ğ¾ÑĞ»Ğµ ÑĞ½Ğ° Ğ¾Ñ‡ĞµĞ½ÑŒ Ğ±Ñ‹ÑÑ‚Ñ€Ğ¾.
ĞÑÑ‚Ğ°Ğ»ÑÑ ĞºÑ€Ğ°Ğ¹Ğ½Ğµ Ğ¾Ğ³Ğ¾Ñ€Ñ‡ĞµĞ½ Ğ²ĞµÑ€ÑĞ¸ĞµĞ¹ Lite",2.00,RU,1.3.0,2018-06-21T07:21:28,False,False,231803575432,231803575432,"Parallels Desktop",1085114709,apple,0,231803575432Lr_OnTgS3smngnylEeyEJAw,ru
ChrisB@73,Does not work with iMac i7 QC from 2009,"Unfortunately, no indication that a Mac is a prerequisite from at least 2011. My i7 Quadcore shouldn't lack performance ... incomprehensible!",Funktioniert nicht mit iMac i7 QC aus 2009,"Leider kein Hinweis darauf, das ein Mac mindestens aus 2011 Vorraussetzung ist. Bei meinem i7 Quadcore sollte es eigentlich nicht an Leistung mangelnâ€¦ unverstÃ¤ndlich!",1.00,DE,1.3.0,2018-06-18T19:59:50,False,False,231803575432,231803575432,"Parallels Desktop",1085114709,apple,0,231803575432LDe5WiCrpjKDN-C0RkCXt3g,de
Sarcepapy,Parallels desktop lite,Unfortunately it doesn't come with Parallels Toolbox !! it would be much better if it were included. I recommend that you enter the official page and get it complete.,Parallels desktop lite,Por desgracia no viene con Parallels Toolbox!! estaria mucho mejor si se incluyera. Recomiendo que ingreses a la pagina oficial y lo consigas completo.,1.00,MX,1.3.0,2018-06-14T06:24:42,False,False,231803575432,231803575432,"Parallels Desktop",1085114709,apple,0,231803575432LIetZ5p5rKKnhebG8LuvOgg,"es;an;ca;oc;gl"
baldrickxjr,wow,"Put this on my mac book pro. it initially says 234MB. Then you have to install windows which it says is a 4.4GB download. By the time its all set up its used 60GB. When youve got 80GB left on a 121GB drive, because of your mac operating system, this starts to cause problems.
The support consists of sending you nowhere and how to uninstall windows is either wrong or not current.
Have managed to uninstall all coponents now more by luck than support.
I bought a mac for a reason, what was i thinking putting windows on is.
This software may be very useful for some people and i can see the value of having two operating systems and in fairness it worked ok for the 2 hours i had it on, but every time i checked my hard disk space it had chewed up another GIG or so of memory.",wow,"Put this on my mac book pro. it initially says 234MB. Then you have to install windows which it says is a 4.4GB download. By the time its all set up its used 60GB. When youve got 80GB left on a 121GB drive, because of your mac operating system, this starts to cause problems.
The support consists of sending you nowhere and how to uninstall windows is either wrong or not current.
Have managed to uninstall all coponents now more by luck than support.
I bought a mac for a reason, what was i thinking putting windows on is.
This software may be very useful for some people and i can see the value of having two operating systems and in fairness it worked ok for the 2 hours i had it on, but every time i checked my hard disk space it had chewed up another GIG or so of memory.",1.00,GB,1.3.0,2018-06-13T21:38:50,False,False,231803575432,231803575432,"Parallels Desktop",1085114709,apple,0,231803575432L9AouRXj8bb7NAPKTaIfXbw,en
Software Development Intern,Best VM but i wish they would update,"The best VM i used by far, unfortunately in the linux version they only have the ubuntu 16.04 when version 18 is out for a while...",Best VM but i wish they would update,"The best VM i used by far, unfortunately in the linux version they only have the ubuntu 16.04 when version 18 is out for a while...",3.00,US,1.3.0,2018-06-11T17:12:56,False,False,231803575432,231803575432,"Parallels Desktop",1085114709,apple,0,231803575432Lh0fzANCU9tJk5xmeQnNHsg,en
Zzanzzang,Please cancel,"I clicked Download to say it's free, but cancel it right away
There is no reason to use it unless it is free.
There's no reason to pay for that money and be bored at all.
I want to use other apps for free.",ì·¨ì†Œ ì¢€ í•´ì£¼ì„¸ìš”,"ë¬´ë£Œë¼ëŠ” ë§ì— ë‹¤ìš´ë°›ê¸°ë¥¼ ëˆŒë €ëŠ”ë° ë‹¹ì¥ ì·¨ì†Œí•´ì£¼ì„¸ìš”
ë¬´ë£Œê°€ ì•„ë‹ˆë©´ ì‚¬ìš©í•  ì´ìœ ê°€ ì—†ìŠµë‹ˆë‹¤.
ê·¸ ëˆì„ ì£¼ê³  ì „í˜€ ì‚¬ë£¡í•  ì´ìœ ê°€ ì—†ìŠµë‹ˆë‹¤.
ë‹¤ë¥¸ ì•±ì„ ë¬´ë£Œë¡œ ë°›ì•„ì„œ ì‚¬ìš©ì„ í•˜ê³  ì‹¶ìŠµë‹ˆë‹¤.",2.00,KR,1.3.0,2018-06-06T04:50:44,False,False,231803575432,231803575432,"Parallels Desktop",1085114709,apple,0,231803575432LR9frXQiX7-Rb2Fmy2GnUoQ,ko
PaSk86,Installation forces subscription,"I tried all the time to install the 14-day trial version, which I clicked several times, it was absurd that I had to enter my complete data and I only got further by clicking on Buy. I assumed that this is the consent if I want to have the subscription afterwards. But NO, the fees are due immediately. Since you don't get very far via Apple Support, I have now described the whole thing with PayPal and frozen the payment. The installation is quite suspicious and I find it questionable that it will be released for operation. But well, I hope to be clarified via PayPal.",Installation zwingt zum Abo,"Ich habe die ganze Zeit versucht die 14-Tage-Testversion zu installieren was ich mehrfach angeklickt habe, absurd war es das ich meine kompletten Daten angeben musste und ich bin nur weiter gekommen indem ich auf Kaufen klicken musste. Ich bin davon ausgegangen, das dies die Einwilligung dazu ist, wenn ich hinterher das ABO haben mÃ¶chte. Aber NEIN, die GebÃ¼hren werden sofort fÃ¤llig. Da man Ã¼ber den Apple Support mal garnicht weit kommt, habe ich das ganze nun bei PayPal geschildert und die Zahlung eingefroren. Die Installation ist schon ziemlich verdÃ¤chtig aufgebaut und das es so zum Betrieb freigegeben wird, finde ich fragwÃ¼rdig. Aber nun gut, ich hoffe auf die KlÃ¤rung per PayPal.",1.00,DE,1.3.0,2018-06-03T14:06:54,False,False,231803575432,231803575432,"Parallels Desktop",1085114709,apple,0,231803575432L5gs3_wNSTdpye6HBk2Z9rA,de
0disse0,the best but with broken shoes ...,"in many years I have tried and used many applications for virtualization, Parallels is, in my opinion, the best for MacOS ... BUT ... frankly I stopped spending 60 euros a year to have Windows virtualization. Might as well buy a PC from scratch and install it in a regular windows license, in the long run costs much less. Ok I am emphasizing (of course, on the PC I would not have the possibility of taking snapshots, for example, of the installation), but it would be better to make it pay less for this feature.",il migliore ma con le scarpe rotte...,"in tanti anni ho provato ed usato tante applicazioni per virtualizzazione, Parallels Ã¨, secondo me, la migliore per MacOS â€¦ MA â€¦ francamente ho smesso di spendere 60 euro allâ€™anno per avere la virtualizzazione Windows. Tanto vale comprare un pc ex novo e installarci dentro una licenza regolare di windows, alla lunga costa molto meno. Ok sto enfatizzando (ovvio che sul pc non avrei le possibilitÃ  di fare snapshot, ad esempio, dellâ€™installazione), ma sarebbe meglio farla pagare di meno questa funzionalitÃ .",5.00,IT,1.3.0,2018-06-03T06:29:59,False,False,231803575432,231803575432,"Parallels Desktop",1085114709,apple,0,231803575432LMz-VBR2f7ckyJhF-ubFeBg,it
ìˆ˜ì˜¤ì˜¹,Incorrect purchase of apps,The app was purchased with the wrong choice. Please ask for a live payment for this.,ì•± ì˜ëª» êµ¬ë§¤,ì˜ëª»ëœ ì„ íƒìœ¼ë¡œ ì•±ì„ êµ¬ë§¤í–ˆìŠµë‹ˆë‹¤. ì´ì— ëŒ€í•œ í™œë¶ˆ ìš”ì²­ ë¶€íƒë“œë¦½ë‹ˆë‹¤.,5.00,KR,1.3.0,2018-05-30T15:15:34,False,False,231803575432,231803575432,"Parallels Desktop",1085114709,apple,0,231803575432LU9T8mQlHqbJHsUVPaSgHwQ,ko
ë§¥ì´ˆë³´ì…ë‹ˆë‹¤,Please contact us.,"Thunderbolt is supported in Parallesls Deskop, but not in Lite??
If you cannot apply, request a refund.",ë¬¸ì˜ ë“œë¦½ë‹ˆë‹¤.,"Parallesls Deskop ì—ì„œëŠ” Thunderbolt ê°€ ì§€ì› ê°€ëŠ¥ í•œë°  Lite ì—ì„œëŠ” ì§€ì›ì´ ì•ˆë˜ëŠ”ê±´ê°€ìš”??
ì§€ì›ì´ ì•ˆëœë‹¤ë©´ í™˜ë¶ˆ ìš”ì²­ í•©ë‹ˆë‹¤.",5.00,KR,1.3.0,2018-05-28T06:59:33,False,False,231803575432,231803575432,"Parallels Desktop",1085114709,apple,0,231803575432LhJ5htiFCu7cmW52o3sxhkw,ko
Mothra,Should specify the requirements better...,"Well now Im bummed, wanted to try this to install an older version of MacOS, but it doesnt work on a 2010 Mac Pro?? Needs a 2011 or newer Mac, yet the 2010 Mac Pro and the 2012 Mac Pro are basically the same hardware inside?? Should probably list that in the requirements other than just Mac OS 10.11.5 or later and a 64-bit cpu cause well, I have both of those yet it wont work.",Should specify the requirements better...,"Well now Im bummed, wanted to try this to install an older version of MacOS, but it doesnt work on a 2010 Mac Pro?? Needs a 2011 or newer Mac, yet the 2010 Mac Pro and the 2012 Mac Pro are basically the same hardware inside?? Should probably list that in the requirements other than just Mac OS 10.11.5 or later and a 64-bit cpu cause well, I have both of those yet it wont work.",2.00,US,1.3.0,2018-05-26T21:11:51,False,False,231803575432,231803575432,"Parallels Desktop",1085114709,apple,0,231803575432LMhkh8iEhl5farsUSa-RRWg,en
plagaise,Garbage,This app is not accessible with voiceover on the Mac. Please make this app voiceover accessible,Garbage,This app is not accessible with voiceover on the Mac. Please make this app voiceover accessible,1.00,US,1.3.0,2018-05-15T19:52:46,False,False,231803575432,231803575432,"Parallels Desktop",1085114709,apple,0,231803575432LqxzWM1GefLWqCRTJER9K2Q,en
zneak,Great for the occasional throwaway machine,"Once in a while, I need to run a Linux or a macOS virtual machine for a one-shot task. VirtualBox (the only other free option that I know) always gives me a hard time, but Parallels Desktop Lite makes it fairly painless, and is (at least currently) free for that use case. Nifty!
Although it's better than Parallels Desktop was several years ago and it's ages ahead of VirtualBox on that front, I still feel that Qt holds the UI back a bit.",Great for the occasional throwaway machine,"Once in a while, I need to run a Linux or a macOS virtual machine for a one-shot task. VirtualBox (the only other free option that I know) always gives me a hard time, but Parallels Desktop Lite makes it fairly painless, and is (at least currently) free for that use case. Nifty!
Although it's better than Parallels Desktop was several years ago and it's ages ahead of VirtualBox on that front, I still feel that Qt holds the UI back a bit.",4.00,US,1.3.0,2018-05-15T08:13:00,False,False,231803575432,231803575432,"Parallels Desktop",1085114709,apple,0,231803575432LgGcdCSkqtkoO-7I25QuJVg,en
NORBERTO30,good. work,it couldn't be better.,jÃ³. MÅ±kÃ¶dig,ennÃ©ljobb nem is lehet.,5.00,HU,1.3.0,2018-05-15T06:13:10,False,False,231803575432,231803575432,"Parallels Desktop",1085114709,apple,0,231803575432LDyhoYpGz8YBAjmhE3BMaSw,hu
ejaysss,You can not start your Windows,"In general, it is not clear why this product is needed, if I have my own Windows I bought and I didnâ€™t get yours at all.",Ğ¡Ğ²Ğ¾Ğ¹ Windows Ğ·Ğ°Ğ¿ÑƒÑĞºĞ°Ñ‚ÑŒ Ğ½ĞµĞ»ÑŒĞ·Ñ,"Ğ’Ğ¾Ğ¾Ğ±Ñ‰Ğµ Ğ½Ğµ Ğ¿Ğ¾Ğ½ÑÑ‚Ğ½Ğ¾ Ğ·Ğ°Ñ‡ĞµĞ¼ Ğ½ÑƒĞ¶ĞµĞ½ ÑÑ‚Ğ¾Ñ‚ Ğ¿Ñ€Ğ¾Ğ´ÑƒĞºÑ‚, ĞµÑĞ»Ğ¸ Ñƒ Ğ¼ĞµĞ½Ñ ĞºÑƒĞ¿Ğ»ĞµĞ½Ğ°Ñ ÑĞ²Ğ¾Ñ Ğ²Ğ¸Ğ½Ğ´Ğ° ĞµÑÑ‚ÑŒ Ğ¸ Ğ²Ğ°ÑˆÑƒ Ğ¿Ğ¾ĞºÑƒĞ¿Ğ°Ñ‚ÑŒ Ğ¼Ğ½Ğµ Ğ²Ğ¾Ğ¾Ğ±Ñ‰Ğµ Ğ½Ğµ Ğ²Ğ¿ĞµÑ€Ğ»Ğ¾ÑÑŒ.",1.00,RU,1.3.0,2018-05-12T18:09:38,False,False,231803575432,231803575432,"Parallels Desktop",1085114709,apple,0,231803575432Lney2_Ov5kHT-4D2t7bBkiQ,ru
why-a-nickname,useless,"Downloaded this app as my mac is compatible according to parallels, being on OSX 10.12, and having a 64 bit processor (Intel Core 2 Duo) according to the â€œapp storeâ€ description. However, my mac, according to the dialogue that pops up on launching the app claims â€œyour mac does not meet the hardware requirementsâ€. Seriously? And the link provided goes to some generic parallels faq page. I know that the current version of VMWare does not run on my mac (though the previous version does). I wonâ€™t go on. Hideous program for a hideous OS (Mac)â€¦",useless,"Downloaded this app as my mac is compatible according to parallels, being on OSX 10.12, and having a 64 bit processor (Intel Core 2 Duo) according to the â€œapp storeâ€ description. However, my mac, according to the dialogue that pops up on launching the app claims â€œyour mac does not meet the hardware requirementsâ€. Seriously? And the link provided goes to some generic parallels faq page. I know that the current version of VMWare does not run on my mac (though the previous version does). I wonâ€™t go on. Hideous program for a hideous OS (Mac)â€¦",1.00,AU,1.3.0,2018-05-07T00:58:52,False,False,231803575432,231803575432,"Parallels Desktop",1085114709,apple,0,231803575432LI7TbZxcT-CuuCaGHILA1lQ,en
byhay,refund request,Wrong purchase. We request a refund.,í™˜ë¶ˆìš”ì²­,ì˜ëª»ëœ êµ¬ë§¤í•˜ì˜€ìŠµë‹ˆë‹¤. í™˜ë¶ˆìš”ì²­í•˜ëŠ”ë°”ì…ë‹ˆë‹¤.,1.00,KR,1.3.0,2018-05-04T12:19:14,False,False,231803575432,231803575432,"Parallels Desktop",1085114709,apple,0,231803575432L3H84hEZpK8fkgJXeq-G9Mw,ko
Godë§Œë³µ,Refund,"I want to get refund.
I bought a wrong program.
I want to buy â€˜parallels desktop 13 for macâ€™.",Refund,"I want to get refund.
I bought a wrong program.
I want to buy â€˜parallels desktop 13 for macâ€™.",5.00,KR,1.3.0,2018-05-01T12:06:50,False,False,231803575432,231803575432,"Parallels Desktop",1085114709,apple,0,231803575432LIkW-l50MTRK-mj1F7UIAHg,"en;af;da;an;nl"
Inq0317,Macbook pro 18,The computer cpu fan sounds too loud and seems to eat too much computer resources. I would like to request a refund. Thank you.,Macbook pro 18,ì»´í“¨í„° cpu íŒ¬ì†Œë¦¬ê°€ ë„ˆë¬´ í¬ê³  ì»´í“¨í„° ë¦¬ì†ŒìŠ¤ë¥¼ ë„ˆë¬´ ë§ì´ ì¡ì•„ ë¨¹ëŠ”ê²ƒ ê°™ì•„ìš”. í™˜ë¶ˆ ìš”ì²­í•©ë‹ˆë‹¤. ê°ì‚¬í•©ë‹ˆë‹¤.,2.00,KR,1.3.0,2018-04-30T16:01:17,False,False,231803575432,231803575432,"Parallels Desktop",1085114709,apple,0,231803575432LFxzb0xGsJ-4iRCkfYc2KRg,ko
Akulinator,A lie in disguise,"Sure you can download this app for free. But you can use it for free ONLY for Linux. Want Windows on your Mac? - PAY - and itâ€™s not a small fee, itâ€™s freakin subscription for hell a time. 
Misleading description, misleading ad, nothing useful is free. I wonder, why this appâ€™s rating was â€œrecently resetâ€- maybe because it wasnâ€™t good at all, huh.",A lie in disguise,"Sure you can download this app for free. But you can use it for free ONLY for Linux. Want Windows on your Mac? - PAY - and itâ€™s not a small fee, itâ€™s freakin subscription for hell a time. 
Misleading description, misleading ad, nothing useful is free. I wonder, why this appâ€™s rating was â€œrecently resetâ€- maybe because it wasnâ€™t good at all, huh.",1.00,LV,1.3.0,2018-04-27T18:55:41,False,False,231803575432,231803575432,"Parallels Desktop",1085114709,apple,0,231803575432Lmm31G1Vw8drANy_vMfRYzg,en
Ozzy Silva,Great,"It's working perfectly. But do I have a question?
I already have the windows 10 license which has already been activated in the parallels desktop lite, even so I have to buy the parallels subscription or will I be able to continue using the parallels lite for free after the 14-day trial?",Ã“timo,"Esta funcionando perfeitamente. Mas tenho uma pergunta?
Eu ja tenho a licenÃ§a do windows 10 a qual ja foi ativada no parallels desktop lite, mesmo assim tenho que comprar a assinatura do parallels ou vou poder continuar usando o parallels lite gratuitamnte depois dos 14 dias de teste?",5.00,BR,1.3.0,2018-04-27T03:59:50,False,False,231803575432,231803575432,"Parallels Desktop",1085114709,apple,0,231803575432LXE6Ilr8-3-g-UBJjWJUWbQ,"pt;gl;ca"
Great Southern BearğŸ˜ğŸ¤”,Support Fantastic! Works wonderfully now in High Sierra 13.4!,"I am now at peace with Parallels! Michael the Support person from Parallels fixed my Windows 10 and Parallels so that all of my RAM problems have been solved. Now with Parallels, Windows 10 Pro and High Sierra 13.4 running at the same tme I have over 8 GIGs available out of the 16GIGs  installed. When Windows is suspended with  Parallels still open I have nearly 11 GIGs free. Boot Camp no longer necessary.
The drive problems were solved after the drive was reformatted. Please ignore my previous carping about Parallels, the app works great now and I will say it one last time I fouind the support team to excellent!  Very savvy, patient, listens attentively, solves problems quickly.
3 Cheers for my Parallels!",Support Fantastic! Works wonderfully now in High Sierra 13.4!,"I am now at peace with Parallels! Michael the Support person from Parallels fixed my Windows 10 and Parallels so that all of my RAM problems have been solved. Now with Parallels, Windows 10 Pro and High Sierra 13.4 running at the same tme I have over 8 GIGs available out of the 16GIGs  installed. When Windows is suspended with  Parallels still open I have nearly 11 GIGs free. Boot Camp no longer necessary.
The drive problems were solved after the drive was reformatted. Please ignore my previous carping about Parallels, the app works great now and I will say it one last time I fouind the support team to excellent!  Very savvy, patient, listens attentively, solves problems quickly.
3 Cheers for my Parallels!",5.00,US,,2018-04-24T05:43:10,False,False,231803575432,231803575432,"Parallels Desktop",1085114709,apple,0,231803575432L_qPWPMgrl9g8l81Gs9JL2w,en
Great Southern BearğŸ»,Support Fantastic! Works wonderfully now in High Sierra 13.4!,"I am now at peace with Parallels! Michael the Support person from Parallels fixed my Windows 10 and Parallels so that all of my RAM problems have been solved. Now with Parallels, Windows 10 Pro and High Sierra 13.4 running at the same tme I have over 8 GIGs available out of the 16GIGs  installed. When Windows is suspended with  Parallels still open I have nearly 11 GIGs free. Boot Camp no longer necessary.
The drive problems were solved after the drive was reformatted. Please ignore my previous carping about Parallels, the app works great now and I will say it one last time I fouind the support team to excellent!  Very savvy, patient, listens attentively, solves problems quickly.
3 Cheers for my Parallels!",Support Fantastic! Works wonderfully now in High Sierra 13.4!,"I am now at peace with Parallels! Michael the Support person from Parallels fixed my Windows 10 and Parallels so that all of my RAM problems have been solved. Now with Parallels, Windows 10 Pro and High Sierra 13.4 running at the same tme I have over 8 GIGs available out of the 16GIGs  installed. When Windows is suspended with  Parallels still open I have nearly 11 GIGs free. Boot Camp no longer necessary.
The drive problems were solved after the drive was reformatted. Please ignore my previous carping about Parallels, the app works great now and I will say it one last time I fouind the support team to excellent!  Very savvy, patient, listens attentively, solves problems quickly.
3 Cheers for my Parallels!",5.00,US,1.3.0,2018-04-24T05:43:10,False,False,231803575432,231803575432,"Parallels Desktop",1085114709,apple,0,231803575432LKJtxgc7J0pCiFjdi9SSM2Q,en
TheBearğŸ˜,Support Fantastic! Works wonderfully now in High Sierra 13.4!,"I am now at peace with Parallels! Michael the Support person from Parallels fixed my Windows 10 and Parallels so that all of my RAM problems have been solved. Now with Parallels, Windows 10 Pro and High Sierra 13.4 running at the same tme I have over 8 GIGs available out of the 16GIGs  installed. When Windows is suspended with  Parallels still open I have nearly 11 GIGs free. Boot Camp no longer necessary.
The drive problems were solved after the drive was reformatted. Please ignore my previous carping about Parallels, the app works great now and I will say it one last time I fouind the support team to excellent!  Very savvy, patient, listens attentively, solves problems quickly.
3 Cheers for my Parallels!",Support Fantastic! Works wonderfully now in High Sierra 13.4!,"I am now at peace with Parallels! Michael the Support person from Parallels fixed my Windows 10 and Parallels so that all of my RAM problems have been solved. Now with Parallels, Windows 10 Pro and High Sierra 13.4 running at the same tme I have over 8 GIGs available out of the 16GIGs  installed. When Windows is suspended with  Parallels still open I have nearly 11 GIGs free. Boot Camp no longer necessary.
The drive problems were solved after the drive was reformatted. Please ignore my previous carping about Parallels, the app works great now and I will say it one last time I fouind the support team to excellent!  Very savvy, patient, listens attentively, solves problems quickly.
3 Cheers for my Parallels!",5.00,US,1.3.0,2018-04-24T05:43:10,False,False,231803575432,231803575432,"Parallels Desktop",1085114709,apple,0,231803575432L6FMwnR2MD3vnMLOWKBKHdQ,en
TheBearğŸ˜,Thanks but no thanks!,"I have run both Lite and the full edition on my 2017 iMac along with High Sierra and have decided to not stick with either variation of this app. The reason is basic. If you have less than 32 GIGs of RAM you could be in trouble, especially if you do graphics or large books.The RAM used by having two Operating systmes running at the same  time is excessive. Running 16 GIGs of RAM with both Systems running, your usable RAM will often drop to below 6 Gigsâ€¦that is with no other apps running! The app itself is spectacular, especially the full version! The support is very good, patient and quick to respond. The lite version is really good, but Iâ€™d strongly reccomend the full instead.
4/17/2018:
Support asked me if I had folloowed the RAM settings as suggested. I did and the RAM usage problem persists. I was not going to continue this review but now that I was asked let me continue. I had tremendous problems with the full version and High Sierra 10.13.4 utilizing Boot Camp on SSD. The app and Windows installed after a couple of problems were resolved. The real problem began after restarting from Windows back to the Mac partition. Restart resulted in a GRAY SCREEN on the Mac side. This could not be overcome despite much advise and help from Apple Support. Eventually the SSD had to be REFORMATTED, not just erased and had to return to Sierra 10.12.6 in order to install Windows 10 and Boot Camp. This saved a tremendous amount of RAM! And increased functionality! If you use High Sierra 10.13.4 I do not advise using Parallels and Windows 10 on an SSD. It could be a problem indigenous to my 2017 iMacâ€¦but all runs perfectly in Sierra 10.12.6!",Thanks but no thanks!,"I have run both Lite and the full edition on my 2017 iMac along with High Sierra and have decided to not stick with either variation of this app. The reason is basic. If you have less than 32 GIGs of RAM you could be in trouble, especially if you do graphics or large books.The RAM used by having two Operating systmes running at the same  time is excessive. Running 16 GIGs of RAM with both Systems running, your usable RAM will often drop to below 6 Gigsâ€¦that is with no other apps running! The app itself is spectacular, especially the full version! The support is very good, patient and quick to respond. The lite version is really good, but Iâ€™d strongly reccomend the full instead.
4/17/2018:
Support asked me if I had folloowed the RAM settings as suggested. I did and the RAM usage problem persists. I was not going to continue this review but now that I was asked let me continue. I had tremendous problems with the full version and High Sierra 10.13.4 utilizing Boot Camp on SSD. The app and Windows installed after a couple of problems were resolved. The real problem began after restarting from Windows back to the Mac partition. Restart resulted in a GRAY SCREEN on the Mac side. This could not be overcome despite much advise and help from Apple Support. Eventually the SSD had to be REFORMATTED, not just erased and had to return to Sierra 10.12.6 in order to install Windows 10 and Boot Camp. This saved a tremendous amount of RAM! And increased functionality! If you use High Sierra 10.13.4 I do not advise using Parallels and Windows 10 on an SSD. It could be a problem indigenous to my 2017 iMacâ€¦but all runs perfectly in Sierra 10.12.6!",1.00,US,1.3.0,2018-04-17T23:31:57,False,False,231803575432,231803575432,"Parallels Desktop",1085114709,apple,0,231803575432LLPT9bIEgMvfWiS89vM3Vsw,en
sweetpeppadew,Has issues,"Currently Parallels in the only virtualisation application in the Mac App Store. Iâ€™m very happy with the existence of virtualisation software in the Mac App Store, because it has to comply with the limitation that Apple requires from apps in their store. Therefore it cannot use kernal extensions, for example, which is important for system stability and security.
Iâ€™m wondering how well this app will be maintained. It has seen a few updates in the past year, so there seems to be at least some development efforts from the Parallels team. However, this version is hard to find on their website, so Iâ€™m sure it will get a lot less of their development attention than the regular Parallels program. 
At this moment, Parallels Desktop Lite has issues running Windows 10, as itâ€™s writing error messages to a .log file multiple times per second, generating tremendously large log files (gigabytes within minutes). Parallels support team is unable to provide a solution and they are only willing to provide support via Remote Access for which you need to install LogMeIn Rescue (not available in the Mac App Store, so you need Administrator priviliges). This allows them to take-over your system to send your Virtual Machine to their servers, all of which bring alongs quite a few privacy concerns.",Has issues,"Currently Parallels in the only virtualisation application in the Mac App Store. Iâ€™m very happy with the existence of virtualisation software in the Mac App Store, because it has to comply with the limitation that Apple requires from apps in their store. Therefore it cannot use kernal extensions, for example, which is important for system stability and security.
Iâ€™m wondering how well this app will be maintained. It has seen a few updates in the past year, so there seems to be at least some development efforts from the Parallels team. However, this version is hard to find on their website, so Iâ€™m sure it will get a lot less of their development attention than the regular Parallels program. 
At this moment, Parallels Desktop Lite has issues running Windows 10, as itâ€™s writing error messages to a .log file multiple times per second, generating tremendously large log files (gigabytes within minutes). Parallels support team is unable to provide a solution and they are only willing to provide support via Remote Access for which you need to install LogMeIn Rescue (not available in the Mac App Store, so you need Administrator priviliges). This allows them to take-over your system to send your Virtual Machine to their servers, all of which bring alongs quite a few privacy concerns.",2.00,NL,1.3.0,2018-04-17T13:32:25,False,False,231803575432,231803575432,"Parallels Desktop",1085114709,apple,0,231803575432LP_EWDuEBn6Cv8dyKK7nmqA,en
HISAMAC,"After charging, the screen turns black and white.","After paying for it as a good app, the screen suddenly changed to black and white and never returned. Please let me know how to get it back quickly. If you return to the original, it will be 5 stars.
Please let us know your response as soon as possible. Every day will not be refreshed if it does not heal.",èª²é‡‘ã—ã¦ã‹ã‚‰ç”»é¢ãŒç™½é»’ã«ã€‚,"ã„ã„ã‚¢ãƒ—ãƒªã¨æ€ã„æ”¯æ‰•ã‚’æ¸ˆã¾ã›ãŸæ‰€ã€ç”»é¢ãŒæ€¥ã«ç™½é»’ã«ãªã‚Šæˆ»ã‚‰ãªã„ã€‚æ—©æ€¥ã«æˆ»ã™æ–¹æ³•ã‚’æ•™ãˆã¦ã„ãŸã ããŸã„ã€‚å…ƒã«æˆ»ã‚Œã°æ˜Ÿï¼•ã¨ã—ã¾ã™ã€‚
æ—©ãå¯¾å¿œã‚’ãŠçŸ¥ã‚‰ã›ä¸‹ã•ã„ã€‚ç›´ã‚‰ãªã„ã¨æ¯æ—¥ãŒã™ã£ãã‚Šã¨ã—ã¾ã›ã‚“ã€‚",1.00,JP,1.3.0,2018-04-16T21:06:25,False,False,231803575432,231803575432,"Parallels Desktop",1085114709,apple,0,231803575432LPgAb8z-cdPyLbYzXnWw5qA,ja
Rasidualimage,Fix your support,"I was trying to get this to work on my new macbook, so I could use my bootcamp partition and it did not work so I called support and it is horrible. they need to fix there support and mayby I will try again, for now I am going to use VMWare.",Fix your support,"I was trying to get this to work on my new macbook, so I could use my bootcamp partition and it did not work so I called support and it is horrible. they need to fix there support and mayby I will try again, for now I am going to use VMWare.",1.00,US,1.3.0,2018-04-15T19:49:33,False,False,231803575432,231803575432,"Parallels Desktop",1085114709,apple,0,231803575432LUM0NFF-p-Wd3o7Ix0hRAcw,en
Betty250464,Not recommendable,"The only thing that worked great was the installation of Windows on both MACs, s without Internet, the Windows did not recognize an Internet connection for both MACs, neither WLAN nor a cable internet connection, it also does not recognize a USB connection, which is insufficient because I do not need Windows the outdated version due to a lack of internet connection and the annual subscription price of a staggering 129.31 CHF per year for this price you can expect it to work perfectly.",Nicht zu empfehlen,"Das einziege was Super geklappt hat ist die instalation des Windows allerdings auf beiden MAC,s ohne Internet, das Windows hat bei beiden MAC,s keine Internetverbindung erkannt weder WLAN noch eine Kabelinternetverbindung zuden erkennt es auch keine USB Verbindung also ungenÃ¼gend denn ich benÃ¶tige kein Windows der veralteten Version wegen fehlender Internetverbindung  und das fÃ¼r einen JÃ¤hrlichen ABO-Preis von sagenhaften 129.31 CHF jÃ¤hrlich fÃ¼r diesen Preis kann man erwarten das es Tadellos lÃ¤Ã¼ft.",1.00,CH,1.3.0,2018-04-15T12:21:05,False,False,231803575432,231803575432,"Parallels Desktop",1085114709,apple,0,231803575432LqW3vNpXVCFOoXyONGU8Yfg,de
Paulo Silva,macOS VM mouse issues,"I have a macOS VM (last OS version) to perform some development enviroment test, but the mouse in the VM itâ€™s allways freezing the VM, so this insâ€™t the best choice the person that need a stable the product to perfome they work.
â€” || â€”
Parallels start working immediately on this issue, thanks you Parallels.",macOS VM mouse issues,"I have a macOS VM (last OS version) to perform some development enviroment test, but the mouse in the VM itâ€™s allways freezing the VM, so this insâ€™t the best choice the person that need a stable the product to perfome they work.
â€” || â€”
Parallels start working immediately on this issue, thanks you Parallels.",4.00,PT,1.3.0,2018-04-11T10:57:40,False,False,231803575432,231803575432,"Parallels Desktop",1085114709,apple,0,231803575432LS0cxHv_cI2Wdpi-QDpYhkg,en
selon_a,refund request,Wrong purchase. I want to switch to another app to purchase. I request a refund.,í™˜ë¶ˆìš”ì²­,ì˜ëª» êµ¬ë§¤í•˜ì˜€ìŠµë‹ˆë‹¤. ë‹¤ë¥¸ ì•±ìœ¼ë¡œ ë°”ê¾¸ì–´ êµ¬ì…í•˜ë ¤ê³  í•©ë‹ˆë‹¤. í™˜ë¶ˆ ìš”ì²­ë“œë ¤ìš”.,5.00,KR,1.3.0,2018-04-04T12:41:42,False,False,231803575432,231803575432,"Parallels Desktop",1085114709,apple,0,231803575432LU2cJkD5bPToDjykG75CQSg,ko
Tam kasiam,Too Slow,"I have a 15â€ Macbook Pro (specs way above requirements) and it is too slow to basically do anything. include operate the microsoft store to even download office.
Disappointing!",Too Slow,"I have a 15â€ Macbook Pro (specs way above requirements) and it is too slow to basically do anything. include operate the microsoft store to even download office.
Disappointing!",1.00,US,1.3.0,2018-04-03T14:57:40,False,False,231803575432,231803575432,"Parallels Desktop",1085114709,apple,0,231803575432Lc7j-x4DBr5MK3v7iPrfpAg,en
Russel.vr,Bred for money,"Masthead!
But, in the light version there are problems with the forwarding of USB keys, on the regular version everything works without problems. Also light afflicted the lack of a bridge mod for the network.
Otherwise, everything is super!",Ğ Ğ°Ğ·Ğ²Ğ¾Ğ´ÑÑ‚ Ğ½Ğ° Ğ´ĞµĞ½ÑŒĞ³Ğ¸,"ĞœĞ°ÑÑ‚Ñ…ĞµĞ²!
ĞĞ¾, Ğ² Ğ»Ğ°Ğ¹Ñ‚ Ğ²ĞµÑ€ÑĞ¸Ğ¸ Ğ½Ğ°Ğ±Ğ»ÑĞ´Ğ°ÑÑ‚ÑÑ Ğ¿Ñ€Ğ¾Ğ±Ğ»ĞµÑ‹ Ñ Ğ¿Ñ€Ğ¾Ğ±Ñ€Ğ¾ÑĞ¾Ğ¼ USB-ĞºĞ»ÑÑ‡ĞµĞ¹, Ğ½Ğ° Ğ¾Ğ±Ñ‹Ñ‡Ğ½Ğ¾Ğ¹ Ğ²ĞµÑ€ÑĞ¸Ğ¸ Ğ²ÑĞµ Ñ€Ğ°Ğ±Ğ¾Ñ‚Ğ°ĞµÑ‚ Ğ±ĞµĞ· Ğ¿Ñ€Ğ¾Ğ±Ğ»ĞµĞ¼. Ğ¢Ğ°Ğº Ğ¶Ğµ Ğ»Ğ°Ğ¹Ñ‚ Ğ¾Ğ³Ğ¾Ñ€Ñ‡Ğ¸Ğ» Ğ¾Ñ‚ÑÑƒÑ‚ÑÑ‚Ğ²Ğ¸ĞµĞ¼ Ğ±Ñ€Ğ¸Ğ´Ğ¶-Ğ¼Ğ¾Ğ´Ğ° Ğ´Ğ»Ñ ÑĞµÑ‚Ğ¸.
Ğ’ Ğ¾ÑÑ‚Ğ°Ğ»ÑŒĞ½Ğ¾Ğ¼ Ğ²ÑĞµ ÑÑƒĞ¿ĞµÑ€!",5.00,RU,1.3.0,2018-04-02T06:43:24,False,False,231803575432,231803575432,"Parallels Desktop",1085114709,apple,0,231803575432LtDi2TR7cIcHGHYoYg0edkw,ru
Slv1987,Restore parallel,"A month ago I bought a parallel, but right now I canâ€™t come in. Help
what is the problem",Ğ’Ğ¾ÑÑÑ‚Ğ°Ğ½Ğ¾Ğ²Ğ¸Ñ‚ÑŒ Ğ¿Ğ°Ñ€Ğ°Ğ»Ğ»ĞµĞ»ÑŒ,"ĞœĞµÑÑÑ† Ğ½Ğ°Ğ·Ğ°Ğ´ ĞºÑƒĞ¿Ğ¸Ğ» Ğ¿Ğ°Ñ€Ğ°Ğ»Ğ»ĞµĞ»ÑŒ Ğ° Ñ‰Ğ°Ñ Ğ½Ğµ Ğ¼Ğ¾Ğ³Ñƒ Ğ·Ğ°Ğ¹Ñ‚Ğ¸ Ğ¿Ğ¾Ğ¼Ğ¾Ğ³Ğ¸Ñ‚Ğµ
Ğ² Ñ‡ĞµĞ¼ Ğ¿Ñ€Ğ¾Ğ±Ğ»ĞµĞ¼Ğ°",5.00,RU,1.3.0,2018-03-29T22:14:32,False,False,231803575432,231803575432,"Parallels Desktop",1085114709,apple,0,231803575432Ljceb9PeeYI963Es-XxW6zQ,"ru;uk;mk;sr;bg"
ChenandalarBong,1 star per subscription,"If there was the possibility of a one-time purchase, then this was a practical solution for me. But to â€œfeedâ€ some John with annual deductions, two! May the power of the torrent arrive!",Ğ¡Ñ€Ğ°Ğ·Ñƒ 1 Ğ·Ğ²ĞµĞ·Ğ´Ğ° Ğ·Ğ° Ğ¿Ğ¾Ğ´Ğ¿Ğ¸ÑĞºÑƒ,"Ğ•ÑĞ»Ğ¸ Ğ±Ñ‹ Ğ±Ñ‹Ğ»Ğ° Ğ²Ğ¾Ğ·Ğ¼Ğ¾Ğ¶Ğ½Ğ¾ÑÑ‚ÑŒ Ñ€Ğ°Ğ·Ğ¾Ğ²Ğ¾Ğ¹ Ğ¿Ğ¾ĞºÑƒĞ¿ĞºĞ¸, Ñ‚Ğ¾ ÑÑ‚Ğ¾ Ğ±Ñ‹Ğ»Ğ¾ Ğ¿Ñ€Ğ°ĞºÑ‚Ğ¸Ñ‡Ğ½Ğ¾Ğµ Ñ€ĞµÑˆĞµĞ½Ğ¸Ğµ Ğ´Ğ»Ñ Ğ¼ĞµĞ½Ñ. ĞĞ¾ Â«ĞºĞ¾Ñ€Ğ¼Ğ¸Ñ‚ÑŒÂ» ĞºĞ°ĞºĞ¾Ğ³Ğ¾-Ñ‚Ğ¾ Ğ”Ğ¶Ğ¾Ğ½Ğ° ĞµĞ¶ĞµĞ³Ğ¾Ğ´Ğ½Ñ‹Ğ¼Ğ¸ Ğ¾Ñ‚Ñ‡Ğ¸ÑĞ»ĞµĞ½Ğ¸ÑĞ¼Ğ¸, Ñ…Ñ€ĞµĞ½Ğ°ÑĞ´Ğ²Ğ°! Ğ”Ğ° Ğ¿Ñ€Ğ¸Ğ±ÑƒĞ´ĞµÑ‚ ÑĞ¸Ğ»Ğ° Ñ‚Ğ¾Ñ€Ñ€ĞµĞ½Ñ‚Ğ°!",1.00,RU,1.3.0,2018-03-29T07:17:19,False,False,231803575432,231803575432,"Parallels Desktop",1085114709,apple,0,231803575432LUxOeoBAOxqi_lFnQ9dHkrA,ru
seasil the lion killer,Good for linux,"I initially wanted to use this just for linux vms. It worked great. Read the documentation and everything seems to work good. But When I tried to install windows. I donâ€™t know what itâ€™s asking me to purchase a subscribtion for windows 10 or for the parallels liscence to run windows 10. Any who, be forewarned, if you have a widnwos 10 disc with a key, an attemp to extract money out of you will be made.",Good for linux,"I initially wanted to use this just for linux vms. It worked great. Read the documentation and everything seems to work good. But When I tried to install windows. I donâ€™t know what itâ€™s asking me to purchase a subscribtion for windows 10 or for the parallels liscence to run windows 10. Any who, be forewarned, if you have a widnwos 10 disc with a key, an attemp to extract money out of you will be made.",3.00,US,1.3.0,2018-03-25T06:38:34,False,False,231803575432,231803575432,"Parallels Desktop",1085114709,apple,0,231803575432L0qaazpu_J4G0gKe8OJfQnQ,en
Alamedawards,pretty good but...,"why do you need to pay for this app? I use this to livestream with Windows 10â€¦ but im young, and my mom buys everything, so i canâ€™t play my Windows-only games without it! PLEASE make this free to use forever!",pretty good but...,"why do you need to pay for this app? I use this to livestream with Windows 10â€¦ but im young, and my mom buys everything, so i canâ€™t play my Windows-only games without it! PLEASE make this free to use forever!",3.00,US,1.3.0,2018-03-17T22:55:49,False,False,231803575432,231803575432,"Parallels Desktop",1085114709,apple,0,231803575432LtVNHUgl84vqWYx5yXIu5fQ,en
Suseelkumar915,No chromium os option,"hi 
i dont see any options to install chrome os , is there any option to do it manually ? i have only three options for os (fedora,centos,debian)",No chromium os option,"hi 
i dont see any options to install chrome os , is there any option to do it manually ? i have only three options for os (fedora,centos,debian)",5.00,US,1.3.0,2018-03-16T05:20:03,False,False,231803575432,231803575432,"Parallels Desktop",1085114709,apple,0,231803575432LZG3a28eTaUKnwdKKVOCdtA,en
guerot,Ubuntu,"Hello,
Linux programs run perfectly. If you want Windows you have to update and update numbers ...",Ubuntu,"Moin,
Linuxprogramme laufen astrein. Wer Windows will muÃŸ Zahlen und updaten und upâ€¦.",5.00,DE,1.3.0,2018-03-15T11:38:30,False,False,231803575432,231803575432,"Parallels Desktop",1085114709,apple,0,231803575432LphEl6uY_8td2d1Ye1jG4kw,"de;lb"
sensiik,very nice VM,"very nice app. fully-functional FREE linux vm from app store. vm that doesnt need superuser rights! Everything works great with Ubuntu16 guest. Retina, Shared Folders, NATted network, USB...
The WORST thing - you cant do nested virtualization (not able to run KVM in guest) - thats why I move to vmware.
The second BAD thing is - you cant use command line tool prlctl with Parallels Lite :(
and my little question to Developers/Managers:  nested virtualization is disabled because of Lite or it is a technological/softwareissue?",very nice VM,"very nice app. fully-functional FREE linux vm from app store. vm that doesnt need superuser rights! Everything works great with Ubuntu16 guest. Retina, Shared Folders, NATted network, USB...
The WORST thing - you cant do nested virtualization (not able to run KVM in guest) - thats why I move to vmware.
The second BAD thing is - you cant use command line tool prlctl with Parallels Lite :(
and my little question to Developers/Managers:  nested virtualization is disabled because of Lite or it is a technological/softwareissue?",5.00,RU,1.3.0,2018-03-02T14:42:04,False,False,231803575432,231803575432,"Parallels Desktop",1085114709,apple,0,231803575432LKfrliwYNy6YaiIeB5DWtWA,en
Georgedessiner,UBUNTU one love,3 linux systemsâ€¦ only 3â€¦ i need ubuntu- thats why only one star,UBUNTU one love,3 linux systemsâ€¦ only 3â€¦ i need ubuntu- thats why only one star,1.00,RU,1.3.0,2018-02-22T21:13:28,False,False,231803575432,231803575432,"Parallels Desktop",1085114709,apple,0,231803575432Lo3pEShoNBOqO5VtI1un5uw,en
bjj0001,No DirectX 11 Support?!,"By far, this is the best version of Parallels Desktop to suit my needs. Thereâ€™s just one problem! DirectX 11 Support is missing, and without it, I canâ€™t render 3D objects! PLEASE FIX IT!!
Update: As of the knowledge left in the developerâ€™s response, which clearly states that OpenGL Compute Shaders (that the new macOS doesnâ€™t support) is required to develop DirectX 11 support for virtual environments, I am officially sticking this one in Appleâ€™s face by deleting the app, and getting a refund. However, what Apple doesnâ€™t know is because that this issue is their fault, theyâ€™ll be taking the penalty, and NOT Parallels International GmbH. This issue isnâ€™t my fault, nor is it the fault of Parallels International GmbH! We shouldnâ€™t have to pay for this fine!",No DirectX 11 Support?!,"By far, this is the best version of Parallels Desktop to suit my needs. Thereâ€™s just one problem! DirectX 11 Support is missing, and without it, I canâ€™t render 3D objects! PLEASE FIX IT!!
Update: As of the knowledge left in the developerâ€™s response, which clearly states that OpenGL Compute Shaders (that the new macOS doesnâ€™t support) is required to develop DirectX 11 support for virtual environments, I am officially sticking this one in Appleâ€™s face by deleting the app, and getting a refund. However, what Apple doesnâ€™t know is because that this issue is their fault, theyâ€™ll be taking the penalty, and NOT Parallels International GmbH. This issue isnâ€™t my fault, nor is it the fault of Parallels International GmbH! We shouldnâ€™t have to pay for this fine!",5.00,US,1.3.0,2018-02-20T21:59:44,False,False,231803575432,231803575432,"Parallels Desktop",1085114709,apple,0,231803575432LzuXJbaTRBRV-p_KGqiLYaA,en
ì˜¤ì¼ì“°ë‚˜ë¯¸,Is it different from Parallel Desktop 13 for Mac?,"It seems that the Parallel Desktop Lite product is not different from the Parallel Desktop 13 for Mac architecture.
It is made by the same company.
However, after installing Windows 8.1, I keep getting an error when I install a specific program.
This was a good program for the Parallel Desktop 13 for Mac trial.
So, when I canceled my purchase, the purchase receipt was sent by email.
Please cancel your purchase.",Parallel Desktop 13 for Mac ê³¼ ë‹¤ë¥¸ ì œí’ˆì¸ê°€ìš”?,"Parallel Desktop Lite ì œí’ˆì´ Parallel Desktop 13 for Mac ê³¼ ì•„í‚¤í…ì³ê°€ ì „í˜€ ë‹¤ë¥´ì§€ëŠ” ì•Šì„ ë“¯ í•œë°ìš”.
ê°™ì€ íšŒì‚¬ì—ì„œ ë§Œë“  ì œí’ˆì´ë‹ˆê¹Œìš”.
ê·¸ëŸ°ë°, ìœˆë„ìš° 8.1 ì„¤ì¹˜ í›„ì— íŠ¹ì • í”„ë¡œê·¸ë¨ ì„¤ì¹˜ë¥¼ í•˜ë©´ ìê¾¸ ì—ëŸ¬ê°€ ë‚˜ì™€ì„œìš”
Parallel Desktop 13 for Mac í‰ê°€íŒì—ì„œëŠ” ì˜ ì‚¬ìš©í–ˆì—ˆë˜ í”„ë¡œê·¸ë¨ì…ë‹ˆë‹¤.
ê·¸ë˜ì„œ, êµ¬ë§¤ë¥¼ ì·¨ì†Œë¥¼ í–ˆëŠ”ë°, êµ¬ë§¤ ì˜ìˆ˜ì¦ì´ ë©”ì¼ë¡œ ë‚ ë¼ì™”ëŠ”ë°ìš”.
êµ¬ë§¤ë¥¼ ì·¨ì†Œí•´ ì£¼ì‹œê¸° ë°”ëë‹ˆë‹¤.",3.00,KR,1.3.0,2018-02-20T07:48:59,False,False,231803575432,231803575432,"Parallels Desktop",1085114709,apple,0,231803575432L_nQV9ZktQL6iaZlw0JztsQ,ko
ddmercado,Enjoy being able to run Linux for free,"Linux is where I would rather go than Windows, so I appreciate being able to run Linux for free. I would rather not pay $60 a year for the privilege of having my activities being spied on and sold to advertisers, so I canâ€™t rate that aspect of this application. This app runs Ubuntu 16.04 very well, even with the graphical desktop composition effects turned on, which is something VirtualBox has always struggled with.",Enjoy being able to run Linux for free,"Linux is where I would rather go than Windows, so I appreciate being able to run Linux for free. I would rather not pay $60 a year for the privilege of having my activities being spied on and sold to advertisers, so I canâ€™t rate that aspect of this application. This app runs Ubuntu 16.04 very well, even with the graphical desktop composition effects turned on, which is something VirtualBox has always struggled with.",4.00,US,1.3.0,2018-02-18T01:47:44,False,False,231803575432,231803575432,"Parallels Desktop",1085114709,apple,0,231803575432LsGbAopXYi05Wmn8x46lrxA,en
Fullabullz,Not worth it!,"I downloaded this then realized that to run Windows they REQUIRE an annual subscription of $69. This should not be a subscription-based software! Oh well look like I'll be installing VMWare Fusion as it is a one-time fee!
Developer - Read the reviews, your customers don't think this is worth it!!",Not worth it!,"I downloaded this then realized that to run Windows they REQUIRE an annual subscription of $69. This should not be a subscription-based software! Oh well look like I'll be installing VMWare Fusion as it is a one-time fee!
Developer - Read the reviews, your customers don't think this is worth it!!",1.00,US,1.3.0,2018-02-12T21:47:01,False,False,231803575432,231803575432,"Parallels Desktop",1085114709,apple,0,231803575432LVoyVb4h3bJeq50S0t5PMeQ,en
MostRandom,"Looks good, a few issues","Slick look, but there are a few issues. So far I noticed that Chrome does not work out-of-the-box on a Mac guest. (Needs hardware acceleration turned off.) Also takes a long time to support new MacOS versions for the guest OS.","Looks good, a few issues","Slick look, but there are a few issues. So far I noticed that Chrome does not work out-of-the-box on a Mac guest. (Needs hardware acceleration turned off.) Also takes a long time to support new MacOS versions for the guest OS.",4.00,US,1.3.0,2018-02-09T18:01:04,False,False,231803575432,231803575432,"Parallels Desktop",1085114709,apple,0,231803575432L6hPrHGLCYso_Ieu91uKkug,en
daeho0713,In-app purchase refund request,The product was purchased with the wrong choice. (1 year subscription) Please request a refund for this.,ì•±ë‚´ êµ¬ë§¤ í™˜ë¶ˆ ìš”ì²­,ì˜ëª»ëœ ì„ íƒìœ¼ë¡œ ì œí’ˆ êµ¬ë§¤í•˜ì˜€ìŠµë‹ˆë‹¤. (1ë…„ subscription) ì´ì— ëŒ€í•œ í™˜ë¶ˆ ìš”ì²­ ë¶€íƒ ë“œë¦½ë‹ˆë‹¤.,5.00,KR,1.3.0,2018-01-27T10:43:23,False,False,231803575432,231803575432,"Parallels Desktop",1085114709,apple,0,231803575432LTKr6h3hpibfAB0NKSsYYRA,ko
Critical acclaim100,Update,"Update: Hello, I am glad to say I gave this more of a shot and found that my previous post was overcritical, itâ€™s a great app, I feel the lite version runs a little slow. However, similar to everyone elses post, this strikes me as an app which should be a one time pay instead of a subscription, especially when you could simply use disk utility to do what this offers. 60$ a month is not a good amount to expect for just the convenience of not reseting your computer and loading up windows.",Update,"Update: Hello, I am glad to say I gave this more of a shot and found that my previous post was overcritical, itâ€™s a great app, I feel the lite version runs a little slow. However, similar to everyone elses post, this strikes me as an app which should be a one time pay instead of a subscription, especially when you could simply use disk utility to do what this offers. 60$ a month is not a good amount to expect for just the convenience of not reseting your computer and loading up windows.",4.00,US,1.3.0,2018-01-24T13:18:37,False,False,231803575432,231803575432,"Parallels Desktop",1085114709,apple,0,231803575432LkXZih6gLAIjsJVeSQBY0Rw,en
zoasir,Request a refund for a wrong product purchase.,"The purchase went wrong.
I want to cancel my purchase and purchase Parallels Desktop for Mac.
Please cancel your purchase of Parallels Desktop lite.",ì œí’ˆ ì˜ëª» êµ¬ë§¤ í™˜ë¶ˆ ìš”ì²­í•©ë‹ˆë‹¤.,"êµ¬ë§¤ë¥¼ ì˜ëª» ì§„í–‰í–ˆìŠµë‹ˆë‹¤. 
êµ¬ë§¤ ì·¨ì†Œ í•˜ê³  Parallels Desktop for Mac ì„ êµ¬ì… í•˜ë ¤ í•©ë‹ˆë‹¤.
Parallels Desktop lite êµ¬ì… ì·¨ì†Œ ë¶€íƒ ë“œë¦½ë‹ˆë‹¤.",4.00,KR,1.3.0,2018-01-16T15:00:09,False,False,231803575432,231803575432,"Parallels Desktop",1085114709,apple,0,231803575432LOW1vU5-oNSKnugNE4aGDSg,ko
Hexuzzz,Wonderful VM!,"An excellent and very useful application, it helped me more than once when it became necessary to use Windows software. With each update works more stable and grows useful functionality. The best VM! Many thanks to the developers!",Ğ—Ğ°Ğ¼ĞµÑ‡Ğ°Ñ‚ĞµĞ»ÑŒĞ½Ğ°Ñ Ğ’Ğœ!,"ĞÑ‚Ğ»Ğ¸Ñ‡Ğ½Ğ¾Ğµ Ğ¸ Ğ¾Ñ‡ĞµĞ½ÑŒ Ğ¿Ğ¾Ğ»ĞµĞ·Ğ½Ğ¾Ğµ Ğ¿Ñ€Ğ¸Ğ»Ğ¾Ğ¶ĞµĞ½Ğ¸Ğµ, Ğ½Ğµ Ñ€Ğ°Ğ· Ğ²Ñ‹Ñ€ÑƒÑ‡Ğ°Ğ»Ğ¾ Ğ¼ĞµĞ½Ñ, ĞºĞ¾Ğ³Ğ´Ğ° Ğ¿Ğ¾ÑĞ²Ğ»ÑĞ»Ğ°ÑÑŒ Ğ½ĞµĞ¾Ğ±Ñ…Ğ¾Ğ´Ğ¸Ğ¼Ğ¾ÑÑ‚ÑŒ Ğ¸ÑĞ¿Ğ¾Ğ»ÑŒĞ·Ğ¾Ğ²Ğ°Ñ‚ÑŒ Ğ²Ğ¸Ğ½Ğ´Ğ¾Ğ²Ñ‹Ğ¹ ÑĞ¾Ñ„Ñ‚. Ğ¡ ĞºĞ°Ğ¶Ğ´Ñ‹Ğ¼ Ğ¾Ğ±Ğ½Ğ¾Ğ²Ğ»ĞµĞ½Ğ¸Ğµ Ñ€Ğ°Ğ±Ğ¾Ñ‚Ğ°ĞµÑ‚ Ğ²ÑĞµ ÑÑ‚Ğ°Ğ±Ğ¸Ğ»ÑŒĞ½ĞµĞµ Ğ¸  Ğ¾Ğ±Ñ€Ğ°ÑÑ‚Ğ°ĞµÑ‚ Ğ¿Ğ¾Ğ»ĞµĞ·Ğ½Ñ‹Ğ¼ Ñ„ÑƒĞ½ĞºÑ†Ğ¸Ğ¾Ğ½Ğ°Ğ»Ğ¾. Ğ›ÑƒÑ‡ÑˆĞ°Ñ Ğ’Ğœ! Ğ‘Ğ¾Ğ»ÑŒÑˆĞ¾Ğµ ÑĞ¿Ğ°ÑĞ¸Ğ±Ğ¾ Ñ€Ğ°Ğ·Ñ€Ğ°Ğ±Ğ¾Ñ‚Ñ‡Ğ¸ĞºĞ°Ğ¼!",5.00,RU,1.3.0,2018-01-11T08:16:49,False,False,231803575432,231803575432,"Parallels Desktop",1085114709,apple,0,231803575432L_CTcb9yGiO1P6nOCs_IbJA,ru
åå‰ãªã‚“ã¦å˜ãªã‚‹è¨˜å·ã§ã™,Hard-to-find requirements: Late 2011 or later Mac,"Follow the link ""Parallels Desktop Lite Support"" in the upper right corner,
In the FAQ, the answer to What are Parallels Desktop Lite system requirements? states only See KB123800.
Detailed operation requirements are written in the linked Knowledge Base article,
In the hardware requirements in it, there is a description ""Late 2011 or newer Mac"", that is, the Mac body of Late 2011 or later is required.
Certainly, Mac Pro and Mid 2010 do not work even if the OS is High Sierra, and it doesn't work, and Mid 2012 works.
It is not based on the hardware architecture, but based on the manufacturing year.
Perhaps the purpose is to eliminate the core 2 generation body uniformly, but
It's unreasonable that the architecture is almost the same in the Core i generation, and the CPU is Xeon, which is good at virtual processing, but it works with Mid 2012 of Mac Pro and does not work with Early 2009 and Mid 2010.
2018/Jan/07 Added
Thank you for your detailed answer.
I see, it is Apple's responsibility to prevent HyperVisor, which is the basis of this application, which is implemented in MacOS itself from operating in a main body of Late 2011 or later.
If there is a supplement for the operation requirements, could you also describe it in the app description on the App Store?
Information in right column: Compatibility...",è¦‹ã¤ã‘ã«ãã„å‹•ä½œè¦ä»¶:Late 2011ä»¥é™ã®Macæœ¬ä½“,"å³ä¸Šã«ã‚ã‚‹ãƒªãƒ³ã‚¯ã€ã€ŒParallels Desktop Liteã®ã‚µãƒãƒ¼ãƒˆã€ã‚’ãŸã©ã£ã¦ã€
FAQã®ä¸­ã®ã€What are Parallels Desktop Lite system requirements? ã®ç­”ãˆã«ã€See KB123800.ã¨ã ã‘æ›¸ã‹ã‚Œã¦ã„ã‚‹ã€‚
ãƒªãƒ³ã‚¯å…ˆã®ãƒŠãƒ¬ãƒƒã‚¸ãƒ™ãƒ¼ã‚¹è¨˜äº‹ä¸­ã«è©³ã—ã„å‹•ä½œè¦ä»¶ãŒæ›¸ã‹ã‚Œã¦ãŠã‚Šã€
ãã®ä¸­ã®ãƒãƒ¼ãƒ‰ã‚¦ã‚§ã‚¢è¦ä»¶ã«ã€ã€ŒLate 2011 or newer Macã€ã¨è¨˜è¿°ãŒã‚ã‚Šã€ã¤ã¾ã‚Šã€Late 2011ä»¥é™ã®Macæœ¬ä½“ãŒå¿…è¦ãªã®ã§ã‚ã‚‹ã€‚
ç¢ºã‹ã«Mac Proã§ã‚‚ Mid 2010ã§ã¯OSãŒHigh Sierraã§ã‚‚ã€Œäº’æ›æ€§ãŒã‚ã‚Šã¾ã›ã‚“ã€ã¨æ€’ã‚‰ã‚Œå‹•ä½œã›ãšã€Mid 2012ã ã¨å‹•ä½œã™ã‚‹ã®ã§ã‚ã‚‹ã€‚
ãƒãƒ¼ãƒ‰ã‚¦ã‚§ã‚¢ã®ã‚¢ãƒ¼ã‚­ãƒ†ã‚¯ãƒãƒ£ã§åˆ¤æ–­ã—ã¦ã„ã‚‹ã®ã§ã¯ãªãã€è£½é€ å¹´åº¦ã§åˆ¤æ–­ã—ã¦ã„ã‚‹ã®ã§ã‚ã‚‹ã€‚
ãŠãã‚‰ãCore 2ä¸–ä»£ã®æœ¬ä½“ã‚’ä¸€å¾‹ã«æ’é™¤ã™ã‚‹ã®ãŒç›®çš„ãªã®ã ã¨æ€ã†ãŒã€
ã‚¢ãƒ¼ã‚­ãƒ†ã‚¯ãƒãƒ£ãŒCore iä¸–ä»£ã§ã»ã¼ä¸€ç·’ãªã®ã«ã€ã—ã‹ã‚‚CPUã¯ä»®æƒ³å‡¦ç†ãŒå¾—æ„ãªXeonãªã®ã«ã€Mac Proã®Mid 2012ã ã¨å‹•ä½œã—ã¦ã€Early 2009ã¨Mid 2010ã§å‹•ä½œã—ãªã„ã®ã¯ã‚ã¾ã‚Šã«ã‚‚ç†ä¸å°½ã ã¨æ€ã†ã€‚
2018/Jan/07 è¿½è¨˜
ä¸å¯§ãªã”å›ç­”ã‚ã‚ŠãŒã¨ã†ã”ã–ã„ã¾ã—ãŸã€‚
ãªã‚‹ã»ã©ã€ã“ã®ã‚¢ãƒ—ãƒªã®æ ¹å¹¹ã‚’ãªã™ã€MacOSè‡ªä½“ã«å®Ÿè£…ã•ã‚Œã¦ã„ã‚‹HyperVisorãŒLate 2011ä»¥é™ã®æœ¬ä½“ã§ãªã„ã¨å‹•ä½œã—ãªã„ã‚ˆã†ã«ã—ã¦ã„ã‚‹ã®ã¯Appleã®æ–¹ã ã€ã¨ã„ã†ã“ã¨ã§ã™ã­ã€‚
å‹•ä½œè¦ä»¶ã§è£œè¶³ãŒã‚ã‚‹å ´åˆã¯ã€App Storeã®ã‚¢ãƒ—ãƒªèª¬æ˜ã«ã‚‚è¨˜ã—ã¦ã„ãŸã ã‘ãªã„ã§ã—ã‚‡ã†ã‹ï¼Ÿ
å³æ¬„ã®æƒ…å ±ï¼šäº’æ›æ€§ã®éƒ¨åˆ†ã«ã€ŒOS X10.11.5ä»¥é™ã€64ãƒ“ãƒƒãƒˆãƒ—ãƒ­ã‚»ãƒƒã‚µã€ã¨è¡¨è¨˜ã•ã‚Œã¦ã„ã‚‹ã ã‘ã§ã¯ã€2017å¹´3æœˆ6æ—¥ä»˜ã®Northernstoneã•ã‚“ã®ãƒ¬ãƒ“ãƒ¥ãƒ¼ã®ã‚ˆã†ã«ã€æœ¬ä½“å¹´å¼ã§åˆ¶é™ã•ã‚Œã¦ã„ã‚‹æ–¹ã€…ãŒã€Œè‡ªåˆ†ã®Macã§ã¯ã©ã†ã—ã¦å‹•ä½œã—ãªã„ã®ã ã‚ã†ï¼Ÿã€ã¨æ‚©ã¿ç¶šã‘ã‚‹ã“ã¨ã«ãªã‚Šã¾ã™ã€‚ç§ã‚‚ãã®ä¸€äººã§ã—ãŸã€‚
ä»¥ä¸‹ã¯Parallelsæ§˜ã¸ã§ã¯ãªãAppleã¸ã®æ„è¦‹ã¨ã„ã†ã‹æ„šç—´ã«ãªã‚Šã¾ã™ãŒã€‚
2017å¹´æœ«ã®iPhoneã®ä»¶ã§Appleã¯ã€
ã€ŒãŠå®¢æ§˜ã«ã‚ˆã‚‹è£½å“ã®è²·ã„æ›¿ãˆã‚’ä¿ƒã™ãŸã‚ã«ã€ç§ãŸã¡ãŒæ„å›³çš„ã«Appleè£½å“ã®å¯¿å‘½ã‚’ç¸®ã‚ãŸã‚Šã€ãŠå®¢æ§˜ã®ä½“é¨“ãŒæãªã‚ã‚Œã‚‹ã‚ˆã†ã«ã—ãŸã“ã¨ã¯ã“ã‚Œã¾ã§ã«ä¸€åº¦ã‚‚ãªãã€ä»Šå¾Œã‚‚æ±ºã—ã¦ãªã„ã€
ã¨è¨€ã£ã¦ã„ã‚‹ã‚ˆã†ã§ã™ãŒã€
ãƒãƒ¼ãƒ‰ã‚¦ã‚§ã‚¢ã«ã¯å‹•ä½œã™ã‚‹èƒ½åŠ›ãŒã‚ã‚‹ã®ã«ã€ç™ºå£²å¹´åº¦ã ã‘ã§æ–°OSã‚„ãã®æ§‹æˆè¦ç´ ã®ä¸€éƒ¨å‹•ä½œã‚’åˆ¶é™ã™ã‚‹ã®ã¯ã€æ„å›³çš„ãªè£½å“å¯¿å‘½ã®çŸ­ç¸®ãƒ»ä½“é¨“ã®æå¤±ã§ã¯ãªã„ã¨ã„ã†ã®ã§ã—ã‚‡ã†ã‹ã­ï¼Ÿ",4.00,JP,1.3.0,2018-01-07T05:54:33,False,False,231803575432,231803575432,"Parallels Desktop",1085114709,apple,0,231803575432LuEbJAOcbagyXLrdhrTIpTQ,ja
í”Œë­í´ë¦°í”Œë˜ë„ˆì‚¬ìš©ì7,Card cancellation,"Please cancel your card. It was purchase not suitable for use purpose.
I made a payment on the 28th, but please cancel it.
work hard",ì¹´ë“œì·¨ì†Œ,"ì¹´ë“œì·¨ì†Œ ë¶€íƒë“œë¦½ë‹ˆë‹¤.  ì‚¬ìš©ëª©ì ì— ë§ì§€ ì•ŠëŠ” êµ¬ì…ì´ì—ˆìŠµë‹ˆë‹¤. 
28ì¼ ê²°ì œí–ˆëŠ”ë° ì·¨ì†Œë¶€íƒë“œë¦½ë‹ˆë‹¤. 
ìˆ˜ê³ í•˜ì„¸ìš”",1.00,KR,1.3.0,2017-12-28T17:02:01,False,False,231803575432,231803575432,"Parallels Desktop",1085114709,apple,0,231803575432Lpn3ENCORbHE8ZYYKRKinLQ,ko
yvesdandoy,Simple dâ€™installation,"No question unrealistic incomprehensible or which one wonders the meaning, very simple setup, worked as expected from the first try. Allows you to install Mac OS in Mac OS, for example to have a development virtual machine, one for testing, one for acceptance and one for production;) restartable or reinstallable as desired ... without ever impacting the main installation. Very handy for application developers for example.",Simple dâ€™installation,"Pas de question surrÃ©elles incomprehensibles ou dont on se demande le sens, setup tres simple, a fonctionnÃ© comme espÃ©rÃ© dÃ¨s les premier essai. Permet dâ€™installer Mac OS dans Mac OS, par exemple pour avoir une machine virtuelle de developpement, une de test, une dâ€™acceptation et une de production ;) redemarrables ou reinstallable Ã  souhait â€¦ sans jamais impacter lâ€™installation principale. Tres pratique pour les developpeurs dâ€™applications par exemple.",5.00,BE,,2017-12-22T17:50:46,False,False,231803575432,231803575432,"Parallels Desktop",1085114709,apple,0,231803575432LJ5s5pQSupVyNogkEVM_dZg,fr
mydmitry,Great product!,"I installed, launched, installed and enjoy! There are no competitors to this application. After the update, everything works much more stable, faster and the colors have changed to more pleasant. I believe that the price pays for itself, although the full version of the product is much more functional.",ĞÑ‚Ğ»Ğ¸Ñ‡Ğ½Ñ‹Ğ¹ Ğ¿Ñ€Ğ¾Ğ´ÑƒĞºÑ‚!,"ĞŸĞ¾ÑÑ‚Ğ°Ğ²Ğ¸Ğ», Ğ·Ğ°Ğ¿ÑƒÑÑ‚Ğ¸Ğ», ÑƒÑÑ‚Ğ°Ğ½Ğ¾Ğ²Ğ¸Ğ» Ğ¸ Ğ½Ğ°ÑĞ»Ğ°Ğ¶Ğ´Ğ°ÑÑÑŒ! ĞšĞ¾Ğ½ĞºÑƒÑ€ĞµĞ½Ñ‚Ğ¾Ğ² ÑÑ‚Ğ¾Ğ¼Ñƒ Ğ¿Ñ€Ğ¸Ğ»Ğ¾Ğ¶ĞµĞ½Ğ¸Ñ Ñ‚ÑƒÑ‚ Ğ½ĞµÑ‚. ĞŸĞ¾ÑĞ»Ğµ Ğ¾Ğ±Ğ½Ğ¾Ğ²Ğ»ĞµĞ½Ğ¸Ñ Ğ²ÑĞµ Ñ€Ğ°Ğ±Ğ¾Ñ‚Ğ°ĞµÑ‚ Ğ½Ğ°Ğ¼Ğ½Ğ¾Ğ³Ğ¾ ÑÑ‚Ğ°Ğ±Ğ¸Ğ»ÑŒĞ½ĞµĞ¹, Ğ±Ñ‹ÑÑ‚Ñ€ĞµĞµ Ğ¸ Ñ†Ğ²ĞµÑ‚Ğ° Ğ¿Ğ¾Ğ¼ĞµĞ½ÑĞ»Ğ¸ÑÑŒ Ğ½Ğ° Ğ±Ğ¾Ğ»ĞµĞµ Ğ¿Ñ€Ğ¸ÑÑ‚Ğ½Ñ‹Ğµ. Ğ¡Ñ‡Ğ¸Ñ‚Ğ°Ñ, Ñ‡Ñ‚Ğ¾ Ñ†ĞµĞ½Ğ° ÑĞµĞ±Ñ Ğ¾ĞºÑƒĞ¿Ğ°ĞµÑ‚, Ñ…Ğ¾Ñ‚Ñ Ğ¿Ğ¾Ğ»Ğ½Ğ°Ñ Ğ²ĞµÑ€ÑĞ¸Ñ Ğ¿Ñ€Ğ¾Ğ´ÑƒĞºÑ‚Ğ° ĞºÑƒĞ´Ğ° Ğ±Ğ¾Ğ»ĞµĞµ Ñ„ÑƒĞ½ĞºÑ†Ğ¸Ğ¾Ğ½Ğ°Ğ»ÑŒĞ½Ğ°.",5.00,RU,1.3.0,2017-12-21T07:09:42,False,False,231803575432,231803575432,"Parallels Desktop",1085114709,apple,0,231803575432LOR7kJInAV18YE69X2tnKVg,ru
sterh-t,This is not serious..,"Okay, I understand very well what kind of Windows is money and all that. Linux is enough for me (the choice is really not great at all).
It was installed by FreeBSD, but, dear developers, sellers and marketers, was it really possible to make an intelligible option and the ability to configure network connections of a virtual machine in scrap.
Offer a free product with such clumsy network configuration capabilities - maybe not? Better take the money, but for free I can use VirtualBox, there both NAT and the Internal network and shared with the network interface.
You just look funny ..",Ğ­Ñ‚Ğ¾ Ğ½Ğµ ÑĞµÑ€ÑŒĞµĞ·Ğ½Ğ¾..,"Ğ›Ğ°Ğ´Ğ½Ğ¾, Ñ Ğ¿Ñ€ĞµĞºÑ€Ğ°ÑĞ½Ğ¾ Ğ¿Ğ¾Ğ½Ğ¸Ğ¼Ğ°Ñ, Ñ‡Ñ‚Ğ¾ Ğ·Ğ° Windows - Ğ´ĞµĞ½ÑŒĞ³Ğ¸ Ğ¸ Ğ²ÑĞµ Ñ‚Ğ°ĞºĞ¾Ğµ. ĞœĞ½Ğµ Ğ´Ğ¾ÑÑ‚Ğ°Ñ‚Ğ¾Ñ‡Ğ½Ğ¾ Ğ¸ Linux (Ğ²Ñ‹Ğ±Ğ¾Ñ€ Ğ¿Ñ€Ğ°Ğ²Ğ´Ğ° ÑĞ¾Ğ²ÑĞµĞ¼ Ğ½Ğµ Ğ²ĞµĞ»Ğ¸Ğº).
Ğ¡Ñ‚Ğ°Ğ²Ğ¸Ğ» FreeBSD, Ğ½Ğ¾, ÑƒĞ²Ğ°Ğ¶Ğ°ĞµĞ¼Ñ‹Ğµ Ñ€Ğ°Ğ·Ñ€Ğ°Ğ±Ğ¾Ñ‚Ñ‡Ğ¸ĞºĞ¸, Ğ¿Ñ€Ğ¾Ğ´Ğ°Ğ²Ñ†Ñ‹ Ğ¸ Ğ¼Ğ°Ñ€ĞºĞµÑ‚Ğ¾Ğ»Ğ¾Ğ³Ğ¸, Ğ½ĞµÑƒĞ¶ĞµĞ»Ğ¸ Ñ‚Ğ°Ğº Ğ² Ğ»Ğ¾Ğ¼ Ğ±Ñ‹Ğ»Ğ¾ ÑĞ´ĞµĞ»Ğ°Ñ‚ÑŒ Ğ²Ğ½ÑÑ‚Ğ½ÑƒÑ Ğ¾Ğ¿Ñ†Ğ¸Ñ Ğ¸ Ğ²Ğ¾Ğ·Ğ¼Ğ¾Ğ¶Ğ½Ğ¾ÑÑ‚ÑŒ Ğ½Ğ°ÑÑ‚Ñ€Ğ°Ğ¸Ğ²Ğ°Ñ‚ÑŒ ÑĞµÑ‚ĞµĞ²Ñ‹Ğµ Ğ¿Ğ¾Ğ´ĞºĞ»ÑÑ‡ĞµĞ½Ğ¸Ñ Ğ²Ğ¸Ñ€Ñ‚ÑƒĞ°Ğ»ÑŒĞ½Ğ¾Ğ¹ Ğ¼Ğ°ÑˆĞ¸Ğ½Ñ‹.
ĞŸÑ€ĞµĞ´Ğ»Ğ°Ğ³Ğ°Ñ‚ÑŒ Ğ±ĞµÑĞ¿Ğ»Ğ°Ñ‚Ğ½Ñ‹Ğ¹ Ğ¿Ñ€Ğ¾Ğ´ÑƒĞºÑ‚, Ñ Ñ‚Ğ°ĞºĞ¸Ğ¼Ğ¸ ĞºĞ¾Ñ€ÑĞ²Ñ‹Ğ¼Ğ¸ Ğ²Ğ¾Ğ·Ğ¼Ğ¾Ğ¶Ğ½Ğ¾ÑÑ‚ÑĞ¼Ğ¸ ÑĞµÑ‚ĞµĞ²Ğ¾Ğ³Ğ¾ ĞºĞ¾Ğ½Ñ„Ğ¸Ğ³ÑƒÑ€Ğ¸Ñ€Ğ¾Ğ²Ğ°Ğ½Ğ¸Ğµ - Ğ¼Ğ¾Ğ¶ĞµÑ‚ Ğ½Ğµ Ğ½Ğ°Ğ´Ğ¾? Ğ‘ĞµÑ€Ğ¸Ñ‚Ğµ ÑƒĞ¶ Ğ»ÑƒÑ‡ÑˆĞµ Ğ´ĞµĞ½ÑŒĞ³Ğ¸, Ğ° Ğ·Ğ° Ğ±ĞµÑĞ¿Ğ»Ğ°Ñ‚Ğ½Ğ¾ Ñ Ğ¸ VirtualBox Ğ¸ÑĞ¿Ğ¾Ğ»ÑŒĞ·Ğ¾Ğ²Ğ°Ñ‚ÑŒ Ğ¼Ğ¾Ğ³Ñƒ, Ñ‚Ğ°Ğ¼ Ğ¸ NAT Ğ¸ Ğ’Ğ½ÑƒÑ‚Ñ€ĞµĞ½Ğ½ÑÑ ÑĞµÑ‚ÑŒ Ğ¸ Ñ€Ğ°Ğ·Ğ´ĞµĞ»ÑĞµĞ¼Ğ°Ñ Ñ ÑĞµÑ‚ĞµĞ²Ñ‹Ğ¼ Ğ¸Ğ½Ñ‚ĞµÑ€Ñ„ĞµĞ¹ÑĞ¾Ğ¼.
Ğ’Ñ‹ Ğ¿Ñ€Ğ¾ÑÑ‚Ğ¾ ÑĞ¼ĞµÑˆĞ½Ğ¾ Ğ²Ñ‹Ğ³Ğ»ÑĞ´Ğ¸Ñ‚Ğµ..",2.00,RU,1.2.0,2017-12-15T12:03:19,False,False,231803575432,231803575432,"Parallels Desktop",1085114709,apple,0,231803575432LL65TIzacmgEuAJkcX0PKuQ,ru
Blacha PL,Great in every way,"Very stable and refined application, I recommend it!",Åšwietna pod kazdym wzgledem,"Bardzo stabilna oraz doprcowana aplikacja, polecam!",5.00,PL,1.2.0,2017-12-08T22:16:45,False,False,231803575432,231803575432,"Parallels Desktop",1085114709,apple,0,231803575432L-Np3Dv3Go57k_mSx9IwlDA,pl
7Marav,MacOS High Sierra - iMac 2.66 GHz 2009,"Conclusion:
As the App Store only says that the machine must have a 64-bit processor, I assumed that there would be no more limitations ... in terms of hardware.
Yeahâ€¦ I just got word that there are other limitationsâ€¦ Parallels Desktop Lite only runs on machines from 2011 onwards. I think it is an important fact that should be included in the constant information about the product in question, it avoided disappointments ...
I understand this limitation as a differentiation between â€œfreeâ€ and â€œpaidâ€. It is correct that there is, but there should be an alert for that.
Finally ... they just called my faithful companion old ...","MacOS High Sierra - iMac 2,66 GHz de 2009","ConclusÃ£o:
Como na App Store apenas consta que a mÃ¡quina deve ter processador de 64 bits, parti do princÃ­pio de que nÃ£o haveriam mais limitaÃ§Ãµesâ€¦ em termos de hardware.
Poisâ€¦ acabo de ser informado que existem outras limitaÃ§Ãµesâ€¦ o Parallels Desktop Lite sÃ³ corre em mÃ¡quinas de 2011 em diante. Penso que Ã© um dado importante que devia constar das informaÃ§Ãµes constantes sobre o produto em causa, evitava desapontamentosâ€¦
Entendo esta limitaÃ§Ã£o como uma diferenciaÃ§Ã£o entre o  â€œgrÃ¡tisâ€ e o â€œpagoâ€. EstÃ¡ correcto que exista mas devia haver aqui um alerta para esse facto.
Finalmenteâ€¦ acabam de chamar velho ao meu fiel companheiro...",1.00,PT,1.2.0,2017-12-01T11:00:01,False,False,231803575432,231803575432,"Parallels Desktop",1085114709,apple,0,231803575432LLop5gQntTw-ReV-4bGt1GQ,"pt;gl"
SonicBounty50,Competitive Software for Linux Virtual Machines on MacOS,"While I donâ€™t believe this to be worth $60 a year for adding Windows capability, the free availability with Linux only is a great plus! 
I was a full Parallels supporter for quite awhile, but when I stopped using Windows all together, I just switched to using VirtualBox for my linux needs.
After having issues with virtual box and how it deals with graphics on MacOS, I was pleased to find this software instead. Itâ€™s rarely talked about, and itâ€™s powerful for Linux VMs on MacOS.
Itâ€™s not perfect though. Parallel Tools has issues when installing on newer Linux Distrobutions and the majority of the distrobutions that you can download straight from the application are extremely outdated. If the developers could update the software to just pull downloads from the most recent images of the distrobutions that they advertise, it would make this app a 5/5!",Competitive Software for Linux Virtual Machines on MacOS,"While I donâ€™t believe this to be worth $60 a year for adding Windows capability, the free availability with Linux only is a great plus! 
I was a full Parallels supporter for quite awhile, but when I stopped using Windows all together, I just switched to using VirtualBox for my linux needs.
After having issues with virtual box and how it deals with graphics on MacOS, I was pleased to find this software instead. Itâ€™s rarely talked about, and itâ€™s powerful for Linux VMs on MacOS.
Itâ€™s not perfect though. Parallel Tools has issues when installing on newer Linux Distrobutions and the majority of the distrobutions that you can download straight from the application are extremely outdated. If the developers could update the software to just pull downloads from the most recent images of the distrobutions that they advertise, it would make this app a 5/5!",4.00,US,1.2.0,2017-11-29T00:00:54,False,False,231803575432,231803575432,"Parallels Desktop",1085114709,apple,0,231803575432LjwwprmHwSL3WdjrbyrElNw,en
Ankmani Shrivastav,Paid App,If you are looking to instal windows then its a paid app unless you are looking to use for a time frame under 14 days . Its slow and you wont get the actual benefit of the processor.,Paid App,If you are looking to instal windows then its a paid app unless you are looking to use for a time frame under 14 days . Its slow and you wont get the actual benefit of the processor.,2.00,IN,1.2.0,2017-11-28T12:13:01,False,False,231803575432,231803575432,"Parallels Desktop",1085114709,apple,0,231803575432L2PZVf8axwXI9E1_RYnc3sA,en
Chrizkro,Can't open on my iMac ...,"â€¦ Installed the AppStore version and when I opened it I received a message that my iMac was not compatible with Parallels. The help page that is displayed takes you to the manufacturer's website with the FAQ. For my iMac 27 â€œLate 2009 with 3.06 Ghz C2D and 16 Gb RAM I can't find a negative message about the installation there.
So the trial of Parallels Desktop 13 downloaded, installed and opened and lo and behold: works as it should. Hmm ...",LÃ¤sst sich auf meinem iMac nicht Ã¶ffnen...,"â€¦habe die AppStore Version installiert und beim Ã–ffnen kommt die Meldung, dass mein iMac nicht kompatibel mit Parallels wÃ¤re. Die Hilfeseite die dabei angezeigt wird fÃ¼hrt einen auf die Hersteller-Website mit den FAQ. Zu meinem iMac 27â€œ Late 2009 mit 3.06 Ghz C2D und 16 Gb RAM kann ich dort keine negativ Meldung zur Installation finden.
Also die Trial von Parallels Desktop 13 runtergeladen, installiert und geÃ¶ffnet und siehe da: funktioniert wie es soll. Hmm...",1.00,DE,1.2.0,2017-11-18T13:07:41,False,False,231803575432,231803575432,"Parallels Desktop",1085114709,apple,0,231803575432L85PY8cmDl0pgnQTvhXhn7w,de
Garrett123456789FSP,$60/Year to run virtual machines,"I thought this was going to be a great solution for a client whoâ€™s version of Parallels would not install due to High Sierra needing special permissions to load kernel extensions.
Parallels Lite popped up in my hours of Googling and I felt great relief. And itâ€™s free! Oh wait no itâ€™s not. These guys want $60/year to run non-Linux Virtual Machines. Very sad to see more vendors move to a subscription model instead of just selling you the software once.
Offer a one time price, we donâ€™t want a subscription model!!!
Especially when the ""buy one timeâ€ version is coded where it will not install without special permissions for the KEXTs, but this one uses HyperVisor instead (read: coded to be properly compatible with macOS for the ideal user experience) and they hold you at a $60/year ransom to get the proper version.",$60/Year to run virtual machines,"I thought this was going to be a great solution for a client whoâ€™s version of Parallels would not install due to High Sierra needing special permissions to load kernel extensions.
Parallels Lite popped up in my hours of Googling and I felt great relief. And itâ€™s free! Oh wait no itâ€™s not. These guys want $60/year to run non-Linux Virtual Machines. Very sad to see more vendors move to a subscription model instead of just selling you the software once.
Offer a one time price, we donâ€™t want a subscription model!!!
Especially when the ""buy one timeâ€ version is coded where it will not install without special permissions for the KEXTs, but this one uses HyperVisor instead (read: coded to be properly compatible with macOS for the ideal user experience) and they hold you at a $60/year ransom to get the proper version.",1.00,US,1.2.0,2017-11-15T16:49:13,False,False,231803575432,231803575432,"Parallels Desktop",1085114709,apple,0,231803575432LQVXJ7QyIpWYOzdMLM-8FYA,en
RDrechsler,Forced registration,"Another app that can only be tested after prior compulsory registration (creating an account). You cannot even end the query properly with Cancel - no, you have to kick the app with the task switch from memory. I don't feel like doing that for a product test. I think it would be fair if reference were made to the indispensable registration before the download.",Zwangsregistrierung,"Wieder so eine App, die man nur nach vorheriger Zwangsregistrierung (Erstellen eines Kontos) testen kann. Man kann die Abfrage nicht einmal ordentlich mit Abbrechen beenden- nein, man muss die App mit dem Taskswitcher aus dem Speicher kicken. Auf soetwas habe ich schon fÃ¼r einen Produkttest keine Lust. Ich fÃ¤nde es fair, wenn auf die unabdingbare Registrierung vor dem Download hingewiesen wÃ¼rde.",2.00,DE,1.2.0,2017-11-11T11:11:07,False,False,231803575432,231803575432,"Parallels Desktop",1085114709,apple,0,231803575432LWaYFf9mJQb0wZK-vQkBdiA,de
incyi,Linux fan !,"Great for Linux fans ! It is now possible to run FREE this applications and install Linux in it. But please do NOT upgrade your linux versions, for example Ubuntu 17.10 is not supported.",Linux fan !,"Great for Linux fans ! It is now possible to run FREE this applications and install Linux in it. But please do NOT upgrade your linux versions, for example Ubuntu 17.10 is not supported.",5.00,NL,1.2.0,2017-11-09T22:30:09,False,False,231803575432,231803575432,"Parallels Desktop",1085114709,apple,0,231803575432LpO2RIlHzupt9lMtZ3lDHSA,en
_R_W_K_,Easy to install Ubuntu,"Installation of Ubuntu ran without problems, and also no problems with the 3D graphics drivers. Not tested for games, just simple 3D applications.",Problemlos um Ubuntu zu installieren,"Installation von Ubuntu lief ohne Probleme, und auch keine Probleme mit den 3D Grafik Treibern. Allerdings nicht fÃ¼r Spiele getested, nur einfache 3D Anwendungen.",5.00,DE,1.2.0,2017-11-09T18:30:13,False,False,231803575432,231803575432,"Parallels Desktop",1085114709,apple,0,231803575432LiqbQsKuFx7jkn_fJDgBQtA,de
Jonathan_#,Useless,I could not install my original copy of Windows 98 on Parallels! On Oracle's VirtualBox (free software!) it did work! I expected more!,Useless,I could not install my original copy of Windows 98 on Parallels! On Oracle's VirtualBox (free software!) it did work! I expected more!,1.00,DE,1.2.0,2017-11-09T14:34:23,False,False,231803575432,231803575432,"Parallels Desktop",1085114709,apple,0,231803575432LmoA1a_uJVUQ3ZE4nI3GHzA,en
éŸ³ãƒã‚¹,I don't think it's bad. Just deadly...,"I like the ability to boot multiple operating systems for free. Also, it's great to run Ubuntu on a 4GB MacBook Air.
But maybe this is a bug, it doesn't connect to the Internet via Wi-Fi. There is no change even if you check or operate the settings of the Mac itself or the App itself.
I wanted to touch ChromiumOS, but it's useless because it doesn't connect to the Internet.
This is really disappointing. What about paid Parallels Desktop for Mac 13?
However, if you can use the internet, it's a product that won't hurt even five stars.",æ‚ªãã¯ãªã„ã¨æ€ã†ã‚“ã ã€‚ãŸã è‡´å‘½çš„ãªã€ã€ã€,"ç„¡æ–™ã§è¤‡æ•°ã®OSã‚’èµ·å‹•ã§ãã‚‹ã€ãã®æ©Ÿèƒ½ã«é–¢ã—ã¦ã¯è‰¯ã„ã¨æ€ã†ã€‚ãã‚Œã«ã€Ubuntuã‚’ï¼”GBMacBook Airã§å‹•ã‹ã—ã¦ã‚‚ã‚µã‚¯ã‚µã‚¯å‹•ãã®ã¯ç´ æ™´ã‚‰ã—ã„ã€‚
ãŸã ã€ã“ã‚Œã¯ãƒã‚°ãªã®ã ã‚ã†ã‹ã€Wi-Fiã§ã‚¤ãƒ³ã‚¿ãƒ¼ãƒãƒƒãƒˆã«ç¹‹ãŒã‚‰ãªã„ã€‚Macæœ¬ä½“ã‚„Appè‡ªä½“ã®è¨­å®šã‚’ç¢ºèªã—ãŸã‚Šæ“ä½œã—ã¦ã‚‚å¤‰åŒ–ãªã—ã€‚
ChromiumOSã‚’è§¦ã‚ŠãŸã‹ã£ãŸãŒã€ãƒãƒƒãƒˆã«ç¹‹ãŒã‚‰ãªã„ã®ã§ä½¿ã„ç‰©ã«ãªã‚‰ãªã„ã€‚
ã“ã‚ŒãŒæœ¬å½“ã«æ®‹å¿µã€‚æœ‰æ–™ã®Parallels Desktop for Macï¼‘ï¼“ã¯ã©ã†ã ã‚ã†ã‹ã€‚
ã¨ã¯ã„ãˆã€ãƒãƒƒãƒˆã•ãˆä½¿ãˆã‚Œã°æ˜Ÿï¼•ã¤ã‚‚å¤§ã’ã•ã§ã¯ãªã„ã¨æ€ã†è£½å“ã§ã‚ã‚‹ã€‚",2.00,JP,1.2.0,2017-11-07T13:16:43,False,False,231803575432,231803575432,"Parallels Desktop",1085114709,apple,0,231803575432Lbmtsb-uZ-QhsZGifjhCz7Q,ja
Sinome Sano,Can in-app subscriptions be used by companies?,"(I made it easy to translate/understand.)
I wonder if the one-year subscription in the in-app is no problem even if the company uses it for commercial purposes.",in-appì˜ êµ¬ë…ì€ ê¸°ì—…ì—ì„œ ì‚¬ìš©í•  ìˆ˜ ìˆìŠµë‹ˆê¹Œ?,"(ë²ˆì—­/ì´í•´ê°€ ì‰½ë„ë¡ ì‘ì„±í•˜ì˜€ìŠµë‹ˆë‹¤.)
in-appì—ì„œì˜ 1ë…„ êµ¬ë…ì€ ê¸°ì—…ì—ì„œ ìƒì—… ëª©ì ìœ¼ë¡œ ì‚¬ìš©í•˜ì—¬ë„ ë¬¸ì œ ì—†ëŠ”ì§€ ê¶ê¸ˆí•©ë‹ˆë‹¤.",5.00,KR,1.2.0,2017-11-05T22:10:41,False,False,231803575432,231803575432,"Parallels Desktop",1085114709,apple,0,231803575432LdCiUlCUAyMQhGUS1UvRypw,ko
â€¢oneâ€¢,Easy and simple to use...,"but I wish they had an up to date version of Debian stable.
And why is there a yearly subscription for installing windows?  Subscription models aren't the way to go here! I'll pay up front (not an IAP) for the software but subscriptions I can't do. If I buy it, I want it to last as long as I have the software.
Edit: thanks for your reply Parallels Developer, however I'm not interested in a subscription but a final one time payment.",Easy and simple to use...,"but I wish they had an up to date version of Debian stable.
And why is there a yearly subscription for installing windows?  Subscription models aren't the way to go here! I'll pay up front (not an IAP) for the software but subscriptions I can't do. If I buy it, I want it to last as long as I have the software.
Edit: thanks for your reply Parallels Developer, however I'm not interested in a subscription but a final one time payment.",3.00,US,,2017-11-01T14:35:56,False,False,231803575432,231803575432,"Parallels Desktop",1085114709,apple,0,231803575432L75ZxC4YqHWmYLZPWv2_QoA,en
Zach H.,Spent $60 dollars on this so I could play games on Steam,COULDNâ€™T. Waste of time/money,Spent $60 dollars on this so I could play games on Steam,COULDNâ€™T. Waste of time/money,1.00,US,1.2.0,2017-10-26T18:25:04,False,False,231803575432,231803575432,"Parallels Desktop",1085114709,apple,0,231803575432LG5dIsvTPFzQjddeNYSs5Ug,en
Vic_951,Super,"Unfortunately most people did not understand what the lite version means. I use my additional Mac with great performance, if you want Windows you have to pay but it has never been different.
A clear thank you from me!",Super,"leider haben die meisten Leute hier nicht verstanden was die Lite Version bedeutet ich nutze mein zusÃ¤tzliches Mac mit super Performance, wer Windows will muss zahlen aber das war noch nie anders.
Von mir ein klares Danke!",5.00,DE,1.2.0,2017-10-20T14:51:34,False,False,231803575432,231803575432,"Parallels Desktop",1085114709,apple,0,231803575432LdZ_1KMpPF7jbtBHPsKCRVw,de
planktonsg,Korean-English Transformation,"I bought it for the first time,
Korean-English conversion is not possible on the Internet.
How should I set it???",í•œì˜ë³€í™˜,"êµ¬ë§¤í•´ì„œ ì²˜ìŒ ì‚¬ìš©í•˜ëŠ”ë°,
ì¸í„°ë„· ë“±ì—ì„œ í•œì˜ë³€í™˜ì´ ì•ˆë©ë‹ˆë‹¤.
ì–´ë–»ê²Œ ì„¤ì •í•´ì•¼í•˜ë‚˜ìš”???",3.00,KR,1.2.0,2017-10-13T11:21:22,False,False,231803575432,231803575432,"Parallels Desktop",1085114709,apple,0,231803575432LRHiyIBgoxYBfIb1xKgeKIQ,ko
Snline,"Good job, guys!",Thanks for free software.,"Good job, guys!",Thanks for free software.,5.00,RU,1.2.0,2017-10-12T11:39:50,False,False,231803575432,231803575432,"Parallels Desktop",1085114709,apple,0,231803575432LcZQmxr5-vv1M8LeR9Qk07Q,"en;da;nn;no"
Culper21,Running Windows requires in-app purchase first,"Note: You can only run Linux with this version; to run Windows you must purchase a licence (or use the time-limited free trial).",Running Windows requires in-app purchase first,"Note: You can only run Linux with this version; to run Windows you must purchase a licence (or use the time-limited free trial).",3.00,CA,1.2.0,2017-10-10T03:54:29,False,False,231803575432,231803575432,"Parallels Desktop",1085114709,apple,0,231803575432LBsF6ktdUrwKQqWoTZaSmDg,en
jazzybeat,Failed to create a bootable disk image file for this vecrion of OS X.,Its not working on Hi Sierra.,Failed to create a bootable disk image file for this vecrion of OS X.,Its not working on Hi Sierra.,1.00,US,1.2.0,2017-10-07T14:49:01,False,False,231803575432,231803575432,"Parallels Desktop",1085114709,apple,0,231803575432LvYBcXwvp8BUqOaZZZMDHTA,en
jomateix9,Flawless integration to Mac,"One of the best solutions for running a virtual machine on a Mac. Windows is paid - as it is - but Linux versions are free. The application works without any problems. Neither network connectivity nor graphics or keyboard problems. It works elegantly.
Runs smoothly on Mac. I am experimenting some code on Ubuntu and glad to have this app onboard.
Thanks a lot.",Flawless integration to Mac,"Mac Ã¼zerinde sanal makine Ã§alÄ±ÅŸtÄ±rmak iÃ§in en uygun Ã§Ã¶zÃ¼mlerden birisi. Windows Ã¼cretli - haliyle - ancak Linux sÃ¼rÃ¼mleri Ã¼cretsiz. Uygulama hiÃ§ bir sorun Ã§Ä±karmadan Ã§alÄ±ÅŸÄ±yor. Ne aÄŸ baÄŸlantÄ±sÄ± ne grafik ya da klavye sorunu. ÅÄ±kÄ±r ÅŸÄ±kÄ±r Ã§alÄ±ÅŸÄ±yor Åahane!
Runs smoothly on Mac. I am experimenting some code on Ubuntu and glad to have this app onboard.
Thanks a lot.",5.00,TR,1.2.0,2017-10-04T13:18:24,False,False,231803575432,231803575432,"Parallels Desktop",1085114709,apple,0,231803575432LniJvv4_ccaIzbtJkNdLYmw,tr
roguesherlock,A Great Virtualization Software,"One Click Installation of Virtual Machines.
Free for Linux Virtual Machines.
Snapshots are supported.
Shared folders are supported.
3d accleration acceleartion.
I Love it!
Thank You.",A Great Virtualization Software,"One Click Installation of Virtual Machines.
Free for Linux Virtual Machines.
Snapshots are supported.
Shared folders are supported.
3d accleration acceleartion.
I Love it!
Thank You.",5.00,IN,1.2.0,2017-09-26T16:54:10,False,False,231803575432,231803575432,"Parallels Desktop",1085114709,apple,0,231803575432LnrB5aYnAxEDyJO2BOHwHjQ,en
neomac24,*),cuper,*),cÑƒĞ¿ĞµÑ€,5.00,UA,1.2.0,2017-09-25T21:27:37,False,False,231803575432,231803575432,"Parallels Desktop",1085114709,apple,0,231803575432LH-sM1eckgtVqpb0lg29_nw,"be_x_old;ru;uk;sr;mk"
ì–‘ì´Œë¦¬ ìŒë´‰ëŒ,Duplicate payment,"I purchased a one-year license, but it was not applied, so I thought it was an error and bought it again
However, it was settled twice on a credit card company basis.
Please cancel one
Thank you.",ì¤‘ë³µê²°ì œ ë˜ì—ˆìŠµë‹ˆë‹¤,"1ë…„ ë¼ì´ì„¼ìŠ¤ êµ¬ë§¤í–ˆìœ¼ë‚˜ ì ìš©ë˜ì§€ ì•Šì•„ ì˜¤ë¥˜ë¼ ìƒê°í•´ ë‹¤ì‹œ êµ¬ë§¤í–ˆìŠµë‹ˆë‹¤
ê·¸ëŸ¬ë‚˜ ì¹´ë“œì‚¬ ê¸°ì¤€ ë‘ë²ˆê²°ì œ ë˜ì—ˆìŠµë‹ˆë‹¤
í•˜ë‚˜ ì·¨ì†Œ ë¶€íƒë“œë¦½ë‹ˆë‹¤ 
ê°ì‚¬í•©ë‹ˆë‹¤.",5.00,KR,1.2.0,2017-09-17T15:03:40,False,False,231803575432,231803575432,"Parallels Desktop",1085114709,apple,0,231803575432LeykdMPp3xFpU-bLMpdd1Qg,ko
HeltonBastos,A HOAX!,"I couldn't find a line on the AppStore saying that the app is for testing. They imply that because it is the â€œLiteâ€ version, the application is free, but you have 2 options: pay almost 60 dollars or 15 day trial. MISLEADING ADVERTISEMENT.",UM EMBUSTE!,"NÃ£o consegui achar na AppStore uma linha dizendo que o aplicativo Ã© para teste. DÃ£o a entender que por ser a versÃ£o â€œLiteâ€ o aplicativo Ã© gratuito, porÃ©m vocÃª tem 2 opÃ§Ãµes: pagar quase 60 dÃ³lares ou 15 dia de teste. PROPAGANDA ENGANOSA.",1.00,BR,1.2.0,2017-09-11T22:26:32,False,False,231803575432,231803575432,"Parallels Desktop",1085114709,apple,0,231803575432LTaSzRvFtWTxAIPKnVxUM8w,"pt;gl"
DiscoChel,Crap,I have accumulated 4 keys to this program. What to do with them? I saw the supposedly free version - I decided to try it - I look - Crap. I swore to buy this program. Too many costs. There are a lot of questions in the work - support didnâ€™t help those - suggested buying a new version - bought - nothing has changed - DO NOT BUY FOR ANYWHERE !!!! It does not work as you expect.,Ğ›ĞĞ–Ğ,Ğ£ Ğ¼ĞµĞ½Ñ ÑĞºĞ¾Ğ¿Ğ¸Ğ»Ğ¾ÑÑŒ 4 ĞºĞ»ÑÑ‡Ğ° Ğ¾Ñ‚ ÑÑ‚Ğ¾Ğ¹ Ğ¿Ñ€Ğ¾Ğ³Ñ€Ğ°Ğ¼ÑƒĞ»ÑŒĞºĞ¸. Ğ§Ñ‚Ğ¾ Ñ Ğ½Ğ¸Ğ¼Ğ¸ Ğ´ĞµĞ»Ğ°Ñ‚ÑŒ? Ğ£Ğ²Ğ¸Ğ´ĞµĞ» ÑĞºĞ¾Ğ±Ñ‹ Ğ±ĞµÑĞ¿Ğ»Ğ°Ñ‚Ğ½ÑƒÑ Ğ²ĞµÑ€ÑĞ¸Ñ - Ñ€ĞµÑˆĞ¸Ğ» Ğ¿Ğ¾Ğ¿Ñ€Ğ¾Ğ±Ğ¾Ğ²Ğ°Ñ‚ÑŒ - ÑĞ¼Ğ¾Ñ‚Ñ€Ñ - Ğ›ĞĞ–Ğ. Ğ¯ Ğ·Ğ°Ñ€ĞµĞºÑÑ Ğ¿Ğ¾ĞºÑƒĞ¿Ğ°Ñ‚ÑŒ ÑÑ‚Ñƒ Ğ¿Ñ€Ğ¾Ğ³Ñƒ. Ğ¡Ğ»Ğ¸ÑˆĞºĞ¾Ğ¼ Ğ¼Ğ½Ğ¾Ğ³Ğ¾ Ğ·Ğ°Ñ‚Ñ€Ğ°Ñ‚. Ğ’ Ñ€Ğ°Ğ±Ğ¾Ñ‚Ğµ Ğ¼Ğ½Ğ¾Ğ³Ğ¾ Ğ²Ğ¾Ğ¿Ñ€Ğ¾ÑĞ¾Ğ² - Ñ‚ĞµÑ… Ğ¿Ğ¾Ğ´ĞµÑ€Ğ¶ĞºĞ° Ğ½Ğµ Ğ¿Ğ¾Ğ¼Ğ¾Ğ³Ğ»Ğ° - Ğ¿Ñ€ĞµĞ´Ğ»Ğ¾Ğ¶Ğ¸Ğ»Ğ° ĞºÑƒĞ¿Ğ¸Ñ‚ÑŒ Ğ½Ğ¾Ğ²ÑƒÑ Ğ²ĞµÑ€ÑĞ¸Ñ - ĞºÑƒĞ¿Ğ¸Ğ» - Ğ½Ğ¸Ñ‡ĞµĞ³Ğ¾ Ğ½Ğµ Ğ¿Ğ¾Ğ¼ĞµĞ½ÑĞ»Ğ¾ÑÑŒ - ĞĞ• ĞŸĞĞšĞ£ĞŸĞĞ™Ğ¢Ğ• ĞĞ• Ğ’ ĞšĞĞ•Ğœ Ğ¡Ğ›Ğ£Ğ§ĞĞ•!!!! ĞĞ½Ğ° Ğ½Ğµ Ñ€Ğ°Ğ±Ğ¾Ñ‚Ğ°ĞµÑ‚ Ñ‚Ğ°Ğº ĞºĞ°Ğº Ğ²Ñ‹ Ğ¿Ñ€ĞµĞ´Ğ¿Ğ¾Ğ»Ğ°Ğ³Ğ°ĞµÑ‚Ğµ.,1.00,RU,1.2.0,2017-09-04T11:56:33,False,False,231803575432,231803575432,"Parallels Desktop",1085114709,apple,0,231803575432Ldns8ffhgCJWx9iA4zE_cUw,"ru;uk"
ì—¬ë¦„í•˜ëŠ˜ì£¼í˜¸,I think it was a duplicate payment...,"Please confirm. I paid for it last time, but it hasn't been done yet, so I paid again this time... thisâ€¦ It seems that the card company's record was a duplicate payment. Please confirm.",ì¤‘ë³µê²°ì œ ëœê±° ê°™ì€ë°...,í™•ì¸ë¶€íƒë“œë ¤ìš”. ì €ë²ˆì— ê²°ì¬ í–ˆëŠ”ë° ì•„ì§ ì•ˆë˜ì„œ ì´ë²ˆì— ë‹¤ì‹œ ê²°ì¬ í–ˆëŠ”ë°â€¦ ì´ê²Œâ€¦ ì¹´ë“œì‚¬ ê¸°ë¡ìœ¼ë¡œëŠ” ì¤‘ë³µ ê²°ì œ ëœê±°ê°™ìŠµë‹ˆë‹¤. í™•ì¸ ë¶€íƒë“œë ¤ìš”.,5.00,KR,1.2.0,2017-09-01T13:27:47,False,False,231803575432,231803575432,"Parallels Desktop",1085114709,apple,0,231803575432LwaAQN917-Fbvc1dPawJoVQ,ko
TroubleMakerDC,Terrible,"Would rather buy a real Pc then let this under powered, over priced mac pretend to be one.
Dont like the pay walls or anything about this app, very disappointed.",Terrible,"Would rather buy a real Pc then let this under powered, over priced mac pretend to be one.
Dont like the pay walls or anything about this app, very disappointed.",1.00,CA,1.2.0,2017-08-31T20:28:04,False,False,231803575432,231803575432,"Parallels Desktop",1085114709,apple,0,231803575432L_3vZoqeR8FwMtbu_KG-ePA,en
TiAGOMiXpro,I can not install it,My processor is 64bit and I have 8gb of ram ddr3 macOS 10.12.16 and says that the hardware is compatible. how to use?,NÃ£o consigo instalar,Meu processador Ã© 64bits e possuo 8gb de ram ddr3 macOS 10.12.16 e diz que o hardware da Ã© compatÃ­vel. como usar?,3.00,BR,1.2.0,2017-08-31T00:00:32,False,False,231803575432,231803575432,"Parallels Desktop",1085114709,apple,0,231803575432Lu4xsLzgLaXTZn-mKjmySBg,"pt;gl;ca;es;an"
Bionic iMic,Damage,"Windows can run with Parallels Desktop Light, but only as a demo for 14 days. (Compulsory registration)
Even if you use your own .iso.
Then you need a subscription.
I could not find Mac OS X for download as specified.
Apparently only some Linux systems can really be used for free.
As a result, Parallels Desktop is unusable.
My opinion:
The free VirtualBox from ORACLE does that better.",Schade,"Windows kann zwar mit Parallels Desktop Light ausgefÃ¼hrt werden, jedoch nur 14 Tage als Demo. (Registrierungszwang)
Auch wenn man eine eigene .iso verwendet.
AnschlieÃŸend benÃ¶tigt man ein Abo.
Mac OS X konnte ich nicht wie angegeben zum Download kostenlos finden.
Scheinbar kÃ¶nnen wirklich nur einige Linux Systeme kostenlos genutzt werden.
Daher ist Parallels Desktop unbrauchbar.
Meine Meinung:
Das kostenlose VirtualBox von ORACLE macht das besser.",1.00,DE,1.2.0,2017-08-29T17:14:02,False,False,231803575432,231803575432,"Parallels Desktop",1085114709,apple,0,231803575432Lz7B0fXeuow27S6qcaGk0Bg,de
